Dimension,Probability,No_of_blocks,Density,Cells_Processed,Shortest_Path_In_Final_Discovered_Grid,Shortest_Path_In_Full_Grid,Trajectory_length,Outcome,Time_taken
101,0.01,88,0.008626605234780904,29,201.0,201.0,203.0,1,0.0388944149017334
101,0.01,96,0.00941084207430644,10200,201.0,201.0,201.0,1,0.09976315498352051
101,0.01,98,0.009606901284187825,7920,201.0,201.0,201.0,1,0.10067272186279297
101,0.01,102,0.009999019703950594,10201,201.0,201.0,201.0,1,0.043880462646484375
101,0.01,107,0.010489167728654054,4801,201.0,201.0,203.0,1,0.0755453109741211
101,0.01,85,0.008332516419958828,9164,201.0,201.0,201.0,1,0.062192440032958984
101,0.01,114,0.011175374963238898,1082,201.0,201.0,203.0,1,0.1839277744293213
101,0.01,121,0.011861582197823742,351,201.0,201.0,205.0,1,0.19324517250061035
101,0.01,104,0.010195078913831977,669,201.0,201.0,205.0,1,0.07852792739868164
101,0.01,108,0.010587197333594745,236,201.0,201.0,209.0,1,0.08716726303100586
101,0.01,112,0.010979315753357513,10045,201.0,201.0,201.0,1,0.13791918754577637
101,0.01,101,0.009900990099009901,4991,201.0,201.0,203.0,1,0.05089068412780762
101,0.01,97,0.009508871679247133,10201,201.0,201.0,201.0,1,0.04690861701965332
101,0.01,98,0.009606901284187825,1289,201.0,201.0,203.0,1,0.038927555084228516
101,0.01,106,0.010391138123713362,3288,201.0,201.0,209.0,1,0.28634071350097656
101,0.01,107,0.010489167728654054,1052,201.0,201.0,207.0,1,0.053924560546875
101,0.01,109,0.010685226938535438,4750,201.0,201.0,203.0,1,0.14390826225280762
101,0.01,81,0.00794039800019606,10201,201.0,201.0,201.0,1,0.03688240051269531
101,0.01,91,0.00892069404960298,189,201.0,201.0,205.0,1,0.05592608451843262
101,0.01,100,0.009802960494069209,7039,201.0,201.0,201.0,1,0.06955742835998535
101,0.01,87,0.008528575629840211,2018,201.0,201.0,203.0,1,0.09818577766418457
101,0.01,120,0.01176355259288305,477,201.0,201.0,205.0,1,0.09873533248901367
101,0.01,98,0.009606901284187825,1839,201.0,201.0,203.0,1,0.044542551040649414
101,0.01,107,0.010489167728654054,7497,201.0,201.0,201.0,1,0.10371899604797363
101,0.01,91,0.00892069404960298,2014,201.0,201.0,205.0,1,0.06621050834655762
101,0.01,98,0.009606901284187825,2106,201.0,201.0,205.0,1,0.06658673286437988
101,0.01,104,0.010195078913831977,10201,201.0,201.0,201.0,1,0.05684518814086914
101,0.01,113,0.011077345358298206,9493,201.0,201.0,201.0,1,0.3621642589569092
101,0.01,98,0.009606901284187825,10183,201.0,201.0,201.0,1,0.09204769134521484
101,0.01,78,0.007646309185373983,5639,201.0,201.0,201.0,1,0.10918998718261719
101,0.01,97,0.009508871679247133,10201,201.0,201.0,201.0,1,0.04686284065246582
101,0.01,97,0.009508871679247133,10201,201.0,201.0,201.0,1,0.03893589973449707
101,0.01,105,0.01029310851877267,10200,201.0,201.0,201.0,1,0.05888819694519043
101,0.01,116,0.011371434173120282,9703,201.0,201.0,201.0,1,0.12143945693969727
101,0.01,100,0.009802960494069209,431,201.0,201.0,205.0,1,0.05186176300048828
101,0.01,104,0.010195078913831977,317,201.0,201.0,203.0,1,0.08677196502685547
101,0.01,84,0.008234486815018136,1362,201.0,201.0,203.0,1,0.044878482818603516
101,0.01,99,0.009704930889128516,4987,201.0,201.0,209.0,1,0.17887091636657715
101,0.01,109,0.010685226938535438,7920,201.0,201.0,201.0,1,0.08819317817687988
101,0.01,102,0.009999019703950594,5638,201.0,201.0,201.0,1,0.09719347953796387
101,0.01,78,0.007646309185373983,5827,201.0,201.0,201.0,1,0.09214067459106445
101,0.01,99,0.009704930889128516,2493,201.0,201.0,203.0,1,0.0509340763092041
101,0.01,116,0.011371434173120282,5422,201.0,201.0,203.0,1,0.07851767539978027
101,0.01,103,0.010097049308891284,5433,201.0,201.0,203.0,1,0.1435256004333496
101,0.01,107,0.010489167728654054,282,201.0,201.0,207.0,1,0.11402058601379395
101,0.01,97,0.009508871679247133,1215,201.0,201.0,205.0,1,0.04185199737548828
101,0.01,88,0.008626605234780904,5241,201.0,201.0,203.0,1,0.07254886627197266
101,0.01,95,0.009312812469365748,606,201.0,201.0,207.0,1,0.06767749786376953
101,0.01,109,0.010685226938535438,93,201.0,201.0,205.0,1,0.09019088745117188
101,0.01,111,0.010881286148416823,113,201.0,201.0,205.0,1,0.06389331817626953
101,0.01,93,0.009116753259484365,1016,201.0,201.0,203.0,1,0.14696931838989258
101,0.01,91,0.00892069404960298,6713,201.0,201.0,201.0,1,0.11314821243286133
101,0.01,103,0.010097049308891284,10201,201.0,201.0,201.0,1,0.037900447845458984
101,0.01,124,0.012155671012645818,282,201.0,201.0,205.0,1,0.14271831512451172
101,0.01,90,0.008822664444662289,10201,201.0,201.0,201.0,1,0.04487967491149902
101,0.01,103,0.010097049308891284,3646,201.0,201.0,205.0,1,0.09413909912109375
101,0.01,103,0.010097049308891284,2107,201.0,201.0,203.0,1,0.07953929901123047
101,0.01,113,0.011077345358298206,2201,201.0,201.0,203.0,1,0.03990793228149414
101,0.01,100,0.009802960494069209,10201,201.0,201.0,201.0,1,0.037485599517822266
101,0.01,126,0.012351730222527203,354,201.0,201.0,203.0,1,0.052855491638183594
101,0.01,86,0.00843054602489952,1589,201.0,201.0,207.0,1,0.062076568603515625
101,0.01,112,0.010979315753357513,4460,201.0,201.0,203.0,1,0.13847947120666504
101,0.01,95,0.009312812469365748,719,201.0,201.0,205.0,1,0.13862872123718262
101,0.01,118,0.011567493383001667,29,201.0,201.0,207.0,1,0.07463717460632324
101,0.01,117,0.011469463778060974,10201,201.0,201.0,201.0,1,0.03490328788757324
101,0.01,106,0.010391138123713362,1362,201.0,201.0,203.0,1,0.08374214172363281
101,0.01,105,0.01029310851877267,162,201.0,201.0,203.0,1,0.07499575614929199
101,0.01,108,0.010587197333594745,10201,201.0,201.0,201.0,1,0.042852163314819336
101,0.01,104,0.010195078913831977,282,201.0,201.0,207.0,1,0.06557750701904297
101,0.01,107,0.010489167728654054,2903,201.0,201.0,203.0,1,0.08314681053161621
101,0.01,104,0.010195078913831977,4801,201.0,201.0,203.0,1,0.10578489303588867
101,0.01,98,0.009606901284187825,618,201.0,201.0,205.0,1,0.188232421875
101,0.01,103,0.010097049308891284,1149,201.0,201.0,203.0,1,0.09255480766296387
101,0.01,91,0.00892069404960298,5296,201.0,201.0,203.0,1,0.08915305137634277
101,0.01,121,0.011861582197823742,10201,201.0,201.0,201.0,1,0.07172989845275879
101,0.01,91,0.00892069404960298,10198,201.0,201.0,201.0,1,0.22449612617492676
101,0.01,102,0.009999019703950594,10201,201.0,201.0,201.0,1,0.03490567207336426
101,0.01,97,0.009508871679247133,10155,201.0,201.0,201.0,1,0.10677433013916016
101,0.01,99,0.009704930889128516,10201,201.0,201.0,201.0,1,0.06281089782714844
101,0.01,83,0.008136457210077443,7919,201.0,201.0,201.0,1,0.21062302589416504
101,0.01,99,0.009704930889128516,57,201.0,201.0,203.0,1,0.08532547950744629
101,0.01,88,0.008626605234780904,10201,201.0,201.0,201.0,1,0.03989243507385254
101,0.01,106,0.010391138123713362,5360,201.0,201.0,203.0,1,0.06781768798828125
101,0.01,112,0.010979315753357513,392,201.0,201.0,207.0,1,0.08976173400878906
101,0.01,101,0.009900990099009901,10201,201.0,201.0,201.0,1,0.04587244987487793
101,0.01,121,0.011861582197823742,162,201.0,201.0,205.0,1,0.05159330368041992
101,0.01,106,0.010391138123713362,1756,201.0,201.0,203.0,1,0.1107017993927002
101,0.01,99,0.009704930889128516,10185,201.0,201.0,201.0,1,0.07953953742980957
101,0.01,88,0.008626605234780904,10201,201.0,201.0,201.0,1,0.03702425956726074
101,0.01,102,0.009999019703950594,4803,201.0,201.0,203.0,1,0.10369133949279785
101,0.01,102,0.009999019703950594,10155,201.0,201.0,201.0,1,0.07242059707641602
101,0.01,99,0.009704930889128516,10201,201.0,201.0,201.0,1,0.04887962341308594
101,0.01,117,0.011469463778060974,5271,201.0,201.0,203.0,1,0.05662083625793457
101,0.01,98,0.009606901284187825,5319,201.0,201.0,203.0,1,0.10813331604003906
101,0.01,82,0.00803842760513675,4460,201.0,201.0,205.0,1,0.12971758842468262
101,0.01,99,0.009704930889128516,9252,201.0,201.0,201.0,1,0.07831501960754395
101,0.01,102,0.009999019703950594,9419,201.0,201.0,201.0,1,0.07033014297485352
101,0.01,103,0.010097049308891284,3291,201.0,201.0,203.0,1,0.11981391906738281
101,0.01,97,0.009508871679247133,1017,201.0,201.0,205.0,1,0.07975196838378906
101,0.01,94,0.009214782864425057,10200,201.0,201.0,201.0,1,0.08385848999023438
101,0.05,488,0.04783844721105774,473,201.0,201.0,215.0,1,0.3282761573791504
101,0.05,536,0.05254386824821096,1130,201.0,201.0,217.0,1,0.49733638763427734
101,0.05,515,0.05048524654445643,137,201.0,201.0,205.0,1,0.13578057289123535
101,0.05,480,0.0470542103715322,41,201.0,201.0,215.0,1,0.25290536880493164
101,0.05,537,0.052641897853151653,42,201.0,201.0,207.0,1,0.13113880157470703
101,0.05,527,0.05166160180374473,1145,201.0,201.0,217.0,1,0.2981703281402588
101,0.05,518,0.050779335359278505,832,201.0,201.0,211.0,1,0.301372766494751
101,0.05,505,0.04950495049504951,281,201.0,201.0,207.0,1,0.3062305450439453
101,0.05,483,0.047348299186354276,2487,201.0,201.0,213.0,1,0.44100046157836914
101,0.05,521,0.05107342417410058,390,201.0,201.0,209.0,1,0.4203503131866455
101,0.05,497,0.04872071365552397,714,201.0,201.0,207.0,1,0.1948680877685547
101,0.05,503,0.04930889128516812,215,201.0,201.0,219.0,1,0.2406919002532959
101,0.05,479,0.04695618076659151,721,201.0,201.0,211.0,1,0.2578098773956299
101,0.05,518,0.050779335359278505,3724,201.0,201.0,203.0,1,0.12496113777160645
101,0.05,491,0.048132536025879816,55,201.0,201.0,213.0,1,0.41074347496032715
101,0.05,467,0.0457798255073032,474,201.0,201.0,209.0,1,0.19217991828918457
101,0.05,527,0.05166160180374473,240,201.0,201.0,225.0,1,0.5100018978118896
101,0.05,486,0.04764238800117636,1213,201.0,201.0,209.0,1,0.2961244583129883
101,0.05,510,0.049995098519752965,7493,201.0,201.0,201.0,1,0.27836155891418457
101,0.05,497,0.04872071365552397,89,201.0,201.0,213.0,1,0.4525337219238281
101,0.05,526,0.05156357219880404,42,201.0,201.0,225.0,1,0.3635673522949219
101,0.05,526,0.05156357219880404,1412,201.0,201.0,223.0,1,0.29468441009521484
101,0.05,531,0.0520537202235075,311,201.0,201.0,209.0,1,0.2756664752960205
101,0.05,490,0.04803450642093912,243,201.0,201.0,219.0,1,0.31650257110595703
101,0.05,488,0.04783844721105774,4737,201.0,201.0,203.0,1,0.30443429946899414
101,0.05,503,0.04930889128516812,424,201.0,201.0,215.0,1,0.33211231231689453
101,0.05,527,0.05166160180374473,137,201.0,201.0,215.0,1,0.31621789932250977
101,0.05,568,0.055680815606313105,125,201.0,201.0,223.0,1,0.32547879219055176
101,0.05,496,0.04862268405058327,1145,201.0,201.0,211.0,1,0.19744086265563965
101,0.05,505,0.04950495049504951,42,201.0,201.0,211.0,1,0.307178258895874
101,0.05,476,0.04666209195176944,162,201.0,201.0,205.0,1,0.3287489414215088
101,0.05,508,0.04979903930987158,1137,201.0,201.0,207.0,1,0.2214043140411377
101,0.05,514,0.050387216939515735,1435,201.0,201.0,205.0,1,0.18664813041687012
101,0.05,519,0.05087736496421919,92,201.0,201.0,223.0,1,0.4336268901824951
101,0.05,498,0.04881874326046466,569,201.0,201.0,211.0,1,0.5089480876922607
101,0.05,514,0.050387216939515735,90,201.0,201.0,215.0,1,0.297229528427124
101,0.05,516,0.050583276149397116,611,201.0,201.0,217.0,1,0.37940192222595215
101,0.05,494,0.04842662484070189,113,201.0,201.0,207.0,1,0.35804152488708496
101,0.05,532,0.05215174982844819,74,201.0,201.0,209.0,1,0.33739328384399414
101,0.05,488,0.04783844721105774,314,201.0,201.0,211.0,1,0.2670097351074219
101,0.05,508,0.04979903930987158,248,201.0,201.0,205.0,1,0.28925085067749023
101,0.05,527,0.05166160180374473,3719,201.0,201.0,213.0,1,0.3132007122039795
101,0.05,512,0.050191157729634346,81,201.0,201.0,225.0,1,0.3116450309753418
101,0.05,522,0.05117145377904127,993,201.0,201.0,227.0,1,0.23701691627502441
101,0.05,491,0.048132536025879816,4948,201.0,201.0,207.0,1,0.07087159156799316
101,0.05,505,0.04950495049504951,90,201.0,201.0,215.0,1,0.147658109664917
101,0.05,493,0.0483285952357612,2008,201.0,201.0,211.0,1,0.2696037292480469
101,0.05,522,0.05117145377904127,517,201.0,201.0,207.0,1,0.2972395420074463
101,0.05,456,0.044701499852955594,472,201.0,201.0,217.0,1,0.0628662109375
101,0.05,473,0.04636800313694736,137,201.0,201.0,209.0,1,0.1506500244140625
101,0.05,511,0.05009312812469366,208,201.0,201.0,211.0,1,0.23825550079345703
101,0.05,511,0.05009312812469366,1281,201.0,201.0,209.0,1,0.1532573699951172
101,0.05,521,0.05107342417410058,558,201.0,201.0,223.0,1,0.26753878593444824
101,0.05,499,0.048916772865405356,1830,201.0,201.0,209.0,1,0.2872326374053955
101,0.05,463,0.04538770708754044,312,201.0,201.0,211.0,1,0.1622765064239502
101,0.05,482,0.04725026958141359,5228,201.0,201.0,209.0,1,0.1670074462890625
101,0.05,495,0.048524654445642586,1,,,,0,0.05491232872009277
101,0.05,532,0.05215174982844819,563,201.0,201.0,209.0,1,0.18587875366210938
101,0.05,512,0.050191157729634346,392,201.0,201.0,209.0,1,0.20880556106567383
101,0.05,468,0.0458778551122439,718,201.0,201.0,209.0,1,0.12339591979980469
101,0.05,521,0.05107342417410058,434,201.0,201.0,203.0,1,0.24121665954589844
101,0.05,503,0.04930889128516812,156,201.0,201.0,207.0,1,0.291245698928833
101,0.05,553,0.05421037153220273,1510,201.0,201.0,209.0,1,0.3523867130279541
101,0.05,497,0.04872071365552397,3191,201.0,201.0,211.0,1,0.23482131958007812
101,0.05,461,0.04519164787765905,137,201.0,201.0,213.0,1,0.15165925025939941
101,0.05,510,0.049995098519752965,28,201.0,201.0,213.0,1,0.22554683685302734
101,0.05,508,0.04979903930987158,312,201.0,201.0,223.0,1,0.24538707733154297
101,0.05,505,0.04950495049504951,1830,201.0,201.0,213.0,1,0.3477623462677002
101,0.05,482,0.04725026958141359,706,201.0,201.0,209.0,1,0.31299328804016113
101,0.05,472,0.04626997353200667,93,201.0,201.0,213.0,1,0.39035558700561523
101,0.05,482,0.04725026958141359,566,201.0,201.0,211.0,1,0.1420421600341797
101,0.05,531,0.0520537202235075,1663,201.0,201.0,209.0,1,0.3229074478149414
101,0.05,517,0.05068130575433781,388,201.0,201.0,215.0,1,0.235823392868042
101,0.05,534,0.05234780903832958,566,201.0,201.0,217.0,1,0.37033796310424805
101,0.05,503,0.04930889128516812,1078,201.0,201.0,215.0,1,0.27665019035339355
101,0.05,520,0.050975394569159886,132,201.0,201.0,231.0,1,0.26493406295776367
101,0.05,522,0.05117145377904127,57,201.0,201.0,219.0,1,0.2599930763244629
101,0.05,522,0.05117145377904127,154,201.0,201.0,219.0,1,0.15866494178771973
101,0.05,510,0.049995098519752965,4688,201.0,201.0,205.0,1,0.141035795211792
101,0.05,471,0.04617194392706597,91,201.0,201.0,215.0,1,0.1863107681274414
101,0.05,502,0.04921086168022743,3378,201.0,201.0,207.0,1,0.15263962745666504
101,0.05,524,0.051367512988922656,214,201.0,201.0,207.0,1,0.2504444122314453
101,0.05,557,0.0546024899519655,951,201.0,201.0,217.0,1,0.26698970794677734
101,0.05,534,0.05234780903832958,2996,201.0,201.0,211.0,1,0.7219176292419434
101,0.05,497,0.04872071365552397,614,201.0,201.0,211.0,1,0.2163984775543213
101,0.05,501,0.04911283207528674,93,201.0,201.0,211.0,1,0.23374176025390625
101,0.05,537,0.052641897853151653,658,201.0,201.0,213.0,1,0.24530339241027832
101,0.05,517,0.05068130575433781,40,201.0,201.0,223.0,1,0.3879544734954834
101,0.05,500,0.04901480247034604,114,201.0,201.0,211.0,1,0.3657972812652588
101,0.05,542,0.05313204587785511,1664,201.0,201.0,213.0,1,0.29526329040527344
101,0.05,518,0.050779335359278505,57,201.0,201.0,213.0,1,0.19875216484069824
101,0.05,537,0.052641897853151653,1017,201.0,201.0,207.0,1,0.3416900634765625
101,0.05,490,0.04803450642093912,93,201.0,201.0,211.0,1,0.4171760082244873
101,0.05,510,0.049995098519752965,1432,201.0,201.0,207.0,1,0.29706263542175293
101,0.05,515,0.05048524654445643,187,201.0,201.0,217.0,1,0.22820281982421875
101,0.05,498,0.04881874326046466,39,201.0,201.0,211.0,1,0.3721809387207031
101,0.05,487,0.047740417606117046,1215,201.0,201.0,203.0,1,0.17893171310424805
101,0.05,499,0.048916772865405356,950,201.0,201.0,213.0,1,0.4637279510498047
101,0.05,517,0.05068130575433781,827,201.0,201.0,211.0,1,0.25955820083618164
101,0.05,537,0.052641897853151653,1073,201.0,201.0,223.0,1,0.3880298137664795
101,0.09,893,0.08754043721203804,170,201.0,201.0,223.0,1,0.44533348083496094
101,0.09,896,0.08783452602686011,42,201.0,201.0,219.0,1,0.36421966552734375
101,0.09,869,0.08518772669346142,26,201.0,201.0,235.0,1,0.4145843982696533
101,0.09,955,0.09361827271836094,27,201.0,201.0,219.0,1,0.36074090003967285
101,0.09,922,0.0903832957553181,93,201.0,201.0,219.0,1,0.6983513832092285
101,0.09,865,0.08479560827369866,93,201.0,201.0,213.0,1,0.23575282096862793
101,0.09,883,0.08656014116263111,157,201.0,201.0,229.0,1,0.5503625869750977
101,0.09,894,0.08763846681697873,47,201.0,201.0,235.0,1,0.504056453704834
101,0.09,888,0.08705028918733458,180,201.0,201.0,253.0,1,0.5562350749969482
101,0.09,972,0.09528477600235272,110,201.0,201.0,225.0,1,0.6165342330932617
101,0.09,931,0.09126556219978434,529,201.0,201.0,213.0,1,0.22348904609680176
101,0.09,935,0.0916576806195471,35,201.0,201.0,229.0,1,0.4334452152252197
101,0.09,916,0.08979511812567395,42,201.0,201.0,219.0,1,0.3696606159210205
101,0.09,948,0.0929320654837761,57,201.0,201.0,219.0,1,0.3693363666534424
101,0.09,903,0.08852073326144495,1998,201.0,201.0,223.0,1,0.2650020122528076
101,0.09,939,0.09204979903930988,1197,201.0,201.0,213.0,1,0.5042428970336914
101,0.09,924,0.09057935496519949,249,201.0,201.0,219.0,1,0.43584680557250977
101,0.09,875,0.08577590432310558,498,201.0,201.0,223.0,1,0.4195845127105713
101,0.09,886,0.08685422997745319,407,201.0,201.0,217.0,1,0.5302460193634033
101,0.09,865,0.08479560827369866,297,201.0,201.0,235.0,1,0.5156643390655518
101,0.09,872,0.0854818155082835,1125,201.0,201.0,227.0,1,0.6047780513763428
101,0.09,942,0.09234388785413195,2991,201.0,201.0,209.0,1,0.3984842300415039
101,0.09,943,0.09244191745907264,718,201.0,201.0,227.0,1,0.4807417392730713
101,0.09,954,0.09352024311342025,40,201.0,201.0,227.0,1,0.49489736557006836
101,0.09,956,0.09371630232330164,29,201.0,201.0,221.0,1,0.5529384613037109
101,0.09,966,0.09469659837270855,10135,,,,0,0.49720287322998047
101,0.09,935,0.0916576806195471,144,201.0,201.0,231.0,1,0.6091539859771729
101,0.09,919,0.09008920694049603,564,201.0,201.0,225.0,1,0.564521074295044
101,0.09,976,0.09567689442211548,85,201.0,201.0,241.0,1,0.48407435417175293
101,0.09,902,0.08842270365650426,161,201.0,201.0,227.0,1,0.3341097831726074
101,0.09,897,0.0879325556318008,506,201.0,201.0,217.0,1,0.34043025970458984
101,0.09,889,0.08714831879227526,41,201.0,201.0,217.0,1,0.39234185218811035
101,0.09,921,0.09028526615037741,76,201.0,201.0,219.0,1,0.570075273513794
101,0.09,901,0.08832467405156358,38,201.0,201.0,223.0,1,0.4216587543487549
101,0.09,957,0.09381433192824233,92,201.0,201.0,225.0,1,0.40253233909606934
101,0.09,852,0.08352122340946966,353,201.0,201.0,213.0,1,0.4159367084503174
101,0.09,855,0.08381531222429174,348,201.0,201.0,215.0,1,0.5060951709747314
101,0.09,879,0.08616802274286835,24,201.0,201.0,217.0,1,0.5962228775024414
101,0.09,934,0.0915596510146064,78,201.0,201.0,231.0,1,0.3395841121673584
101,0.09,958,0.09391236153318303,50,201.0,201.0,233.0,1,0.40667033195495605
101,0.09,906,0.08881482207626704,203,201.0,201.0,227.0,1,0.6776094436645508
101,0.09,968,0.09489265758258994,1134,201.0,201.0,219.0,1,0.6723949909210205
101,0.09,916,0.08979511812567395,123,201.0,201.0,215.0,1,0.62693190574646
101,0.09,913,0.08950102931085188,669,201.0,201.0,219.0,1,0.6434237957000732
101,0.09,954,0.09352024311342025,29,201.0,201.0,227.0,1,0.43450188636779785
101,0.09,942,0.09234388785413195,29,201.0,201.0,217.0,1,0.38798069953918457
101,0.09,918,0.08999117733555534,10145,,,,0,0.5382373332977295
101,0.09,874,0.08567787471816489,29,201.0,201.0,219.0,1,0.41138410568237305
101,0.09,908,0.08901088128614841,183,201.0,201.0,231.0,1,0.6030564308166504
101,0.09,929,0.09106950298990295,345,201.0,201.0,219.0,1,0.4662752151489258
101,0.09,894,0.08763846681697873,72,201.0,201.0,215.0,1,0.540292501449585
101,0.09,926,0.09077541417508088,314,201.0,201.0,217.0,1,0.4167020320892334
101,0.09,899,0.08812861484168219,93,201.0,201.0,221.0,1,0.3825032711029053
101,0.09,904,0.08861876286638565,109,201.0,201.0,231.0,1,0.42528700828552246
101,0.09,918,0.08999117733555534,81,201.0,201.0,229.0,1,0.4986116886138916
101,0.09,923,0.0904813253602588,233,201.0,201.0,229.0,1,0.3557302951812744
101,0.09,933,0.09146162140966572,39,201.0,201.0,239.0,1,0.4543609619140625
101,0.09,909,0.0891089108910891,279,201.0,201.0,209.0,1,0.35775232315063477
101,0.09,931,0.09126556219978434,473,201.0,201.0,223.0,1,0.25904011726379395
101,0.09,923,0.0904813253602588,244,201.0,201.0,229.0,1,0.40584373474121094
101,0.09,928,0.09097147338496225,1487,201.0,201.0,217.0,1,0.4479396343231201
101,0.09,951,0.09322615429859818,102,201.0,201.0,239.0,1,0.4823637008666992
101,0.09,904,0.08861876286638565,40,201.0,201.0,229.0,1,0.37722086906433105
101,0.09,903,0.08852073326144495,511,201.0,201.0,231.0,1,0.6787385940551758
101,0.09,885,0.0867562003725125,345,201.0,201.0,227.0,1,0.4266645908355713
101,0.09,868,0.08508969708852074,74,201.0,201.0,263.0,1,0.7136127948760986
101,0.09,867,0.08499166748358004,1062,201.0,201.0,227.0,1,0.5361068248748779
101,0.09,970,0.09508871679247133,79,201.0,201.0,229.0,1,0.3976590633392334
101,0.09,883,0.08656014116263111,2002,201.0,201.0,221.0,1,0.5084922313690186
101,0.09,920,0.09018723654543673,189,201.0,201.0,229.0,1,0.4036977291107178
101,0.09,891,0.08734437800215665,388,201.0,201.0,211.0,1,0.32041239738464355
101,0.09,886,0.08685422997745319,596,201.0,201.0,239.0,1,0.5315988063812256
101,0.09,900,0.08822664444662288,2276,201.0,201.0,217.0,1,0.34840822219848633
101,0.09,971,0.09518674639741202,233,201.0,201.0,233.0,1,0.4082372188568115
101,0.09,920,0.09018723654543673,28,201.0,201.0,215.0,1,0.4722282886505127
101,0.09,937,0.09185373982942849,64,201.0,201.0,243.0,1,0.48990368843078613
101,0.09,914,0.08959905891579258,824,201.0,201.0,223.0,1,0.4672269821166992
101,0.09,932,0.09136359180472503,594,201.0,201.0,213.0,1,0.5531930923461914
101,0.09,906,0.08881482207626704,503,201.0,201.0,225.0,1,0.5656733512878418
101,0.09,913,0.08950102931085188,175,201.0,201.0,221.0,1,0.41079163551330566
101,0.09,913,0.08950102931085188,121,201.0,201.0,233.0,1,0.5830893516540527
101,0.09,903,0.08852073326144495,123,201.0,201.0,233.0,1,0.4863615036010742
101,0.09,930,0.09116753259484364,339,201.0,201.0,229.0,1,0.6758105754852295
101,0.09,935,0.0916576806195471,88,201.0,201.0,231.0,1,0.4445686340332031
101,0.09,899,0.08812861484168219,934,201.0,201.0,223.0,1,0.25376415252685547
101,0.09,918,0.08999117733555534,76,201.0,201.0,225.0,1,0.23675894737243652
101,0.09,903,0.08852073326144495,29,201.0,201.0,213.0,1,0.5524299144744873
101,0.09,879,0.08616802274286835,1002,201.0,201.0,221.0,1,0.4110133647918701
101,0.09,902,0.08842270365650426,821,201.0,201.0,215.0,1,0.6358661651611328
101,0.09,880,0.08626605234780904,603,201.0,201.0,231.0,1,0.4447915554046631
101,0.09,955,0.09361827271836094,27,201.0,201.0,239.0,1,0.420581579208374
101,0.09,963,0.09440250955788648,28,201.0,201.0,223.0,1,0.6567244529724121
101,0.09,889,0.08714831879227526,38,201.0,201.0,221.0,1,0.5682294368743896
101,0.09,904,0.08861876286638565,1068,201.0,201.0,215.0,1,0.529749870300293
101,0.09,915,0.08969708852073326,243,201.0,201.0,233.0,1,0.4077897071838379
101,0.09,877,0.08597196353298696,124,201.0,201.0,215.0,1,0.33910536766052246
101,0.09,941,0.09224585824919125,243,201.0,201.0,225.0,1,0.5092730522155762
101,0.09,951,0.09322615429859818,72,201.0,201.0,257.0,1,0.5327088832855225
101,0.09,955,0.09361827271836094,1209,201.0,201.0,217.0,1,0.49469709396362305
101,0.09,937,0.09185373982942849,164,201.0,201.0,215.0,1,0.44235849380493164
101,0.13,1371,0.13439858837368884,1495,201.0,201.0,227.0,1,0.8212995529174805
101,0.13,1345,0.13184981864523085,158,201.0,201.0,247.0,1,0.7277328968048096
101,0.13,1327,0.1300852857562984,90,201.0,201.0,259.0,1,0.6606438159942627
101,0.13,1361,0.13341829232428193,28,201.0,201.0,237.0,1,0.5627157688140869
101,0.13,1348,0.13214390746005295,211,201.0,201.0,245.0,1,0.4739847183227539
101,0.13,1327,0.1300852857562984,288,201.0,201.0,231.0,1,0.7258415222167969
101,0.13,1368,0.13410449955886677,85,201.0,201.0,245.0,1,0.6858303546905518
101,0.13,1361,0.13341829232428193,173,201.0,201.0,231.0,1,0.5141720771789551
101,0.13,1294,0.12685030879325557,121,201.0,201.0,247.0,1,0.6976032257080078
101,0.13,1249,0.12243897657092442,70,201.0,201.0,265.0,1,0.6754231452941895
101,0.13,1344,0.13175178904029017,149,201.0,201.0,243.0,1,0.7838337421417236
101,0.13,1373,0.13459464758357023,72,201.0,201.0,247.0,1,0.6278367042541504
101,0.13,1329,0.1302813449661798,201,201.0,201.0,223.0,1,0.3531036376953125
101,0.13,1381,0.13537888442309579,1197,201.0,201.0,229.0,1,0.6889228820800781
101,0.13,1337,0.13106558180570532,111,201.0,201.0,257.0,1,0.755488395690918
101,0.13,1289,0.1263601607685521,133,201.0,201.0,221.0,1,0.5285401344299316
101,0.13,1266,0.12410547985491618,84,201.0,201.0,225.0,1,0.7131037712097168
101,0.13,1312,0.128614841682188,28,201.0,201.0,237.0,1,0.9744830131530762
101,0.13,1289,0.1263601607685521,41,201.0,201.0,241.0,1,0.5792889595031738
101,0.13,1333,0.13067346338594255,41,201.0,201.0,235.0,1,0.6410496234893799
101,0.13,1301,0.1275365160278404,56,201.0,201.0,229.0,1,0.5079495906829834
101,0.13,1310,0.12841878247230665,429,201.0,201.0,217.0,1,0.5890786647796631
101,0.13,1330,0.13037937457112048,2,,,,0,0.05984067916870117
101,0.13,1337,0.13106558180570532,61,201.0,201.0,241.0,1,0.5551891326904297
101,0.13,1314,0.1288109008920694,506,201.0,201.0,229.0,1,0.4352552890777588
101,0.13,1320,0.12939907852171356,57,201.0,201.0,239.0,1,0.5767736434936523
101,0.13,1319,0.12930104891677285,200,201.0,201.0,229.0,1,0.5398974418640137
101,0.13,1318,0.12920301931183217,68,201.0,201.0,249.0,1,0.5562336444854736
101,0.13,1316,0.12900696010195079,99,201.0,201.0,239.0,1,0.4747469425201416
101,0.13,1283,0.12577198313890794,516,201.0,201.0,237.0,1,0.6089687347412109
101,0.13,1307,0.12812469365748455,1,,,,0,0.05388331413269043
101,0.13,1336,0.13096755220076464,143,201.0,201.0,253.0,1,0.7422091960906982
101,0.13,1315,0.1289089304970101,557,201.0,201.0,217.0,1,0.6605784893035889
101,0.13,1340,0.1313596706205274,80,201.0,201.0,253.0,1,0.8180177211761475
101,0.13,1348,0.13214390746005295,25,201.0,201.0,275.0,1,0.6955652236938477
101,0.13,1306,0.12802666405254387,41,201.0,201.0,221.0,1,0.7163968086242676
101,0.13,1351,0.13243799627487501,185,201.0,201.0,253.0,1,0.6615571975708008
101,0.13,1363,0.13361435153416332,485,201.0,201.0,267.0,1,0.7674355506896973
101,0.13,1385,0.13577100284285853,186,201.0,201.0,249.0,1,0.6029303073883057
101,0.13,1336,0.13096755220076464,63,201.0,201.0,237.0,1,0.5692403316497803
101,0.13,1271,0.12459562787961964,567,201.0,201.0,249.0,1,0.7777872085571289
101,0.13,1334,0.13077149299088325,466,201.0,201.0,213.0,1,0.6997277736663818
101,0.13,1374,0.13469267718851094,91,201.0,201.0,235.0,1,0.7082996368408203
101,0.13,1345,0.13184981864523085,37,201.0,201.0,237.0,1,0.705939531326294
101,0.13,1282,0.12567395353396726,37,201.0,201.0,249.0,1,0.6009392738342285
101,0.13,1322,0.12959513773159495,40,201.0,201.0,255.0,1,0.5549194812774658
101,0.13,1359,0.13322223311440054,282,201.0,201.0,243.0,1,0.5450975894927979
101,0.13,1331,0.13047740417606116,285,201.0,201.0,283.0,1,1.190946340560913
101,0.13,1311,0.12851681207724733,1,,,,0,0.07051229476928711
101,0.13,1292,0.12665424958337418,372,201.0,201.0,247.0,1,0.570183515548706
101,0.13,1327,0.1300852857562984,39,201.0,201.0,255.0,1,0.5332772731781006
101,0.13,1278,0.1252818351142045,214,201.0,201.0,227.0,1,0.5158865451812744
101,0.13,1289,0.1263601607685521,208,201.0,201.0,227.0,1,0.699531078338623
101,0.13,1358,0.13312420350945986,270,201.0,201.0,247.0,1,0.8901259899139404
101,0.13,1352,0.1325360258798157,278,201.0,201.0,217.0,1,0.6350457668304443
101,0.13,1265,0.12400745024997549,54,201.0,201.0,245.0,1,0.7218067646026611
101,0.13,1364,0.133712381139104,49,201.0,201.0,229.0,1,0.43782472610473633
101,0.13,1347,0.13204587785511224,511,201.0,201.0,243.0,1,0.7537767887115479
101,0.13,1353,0.1326340554847564,52,201.0,201.0,237.0,1,0.6047699451446533
101,0.13,1320,0.12939907852171356,27,201.0,201.0,259.0,1,0.9160728454589844
101,0.13,1307,0.12812469365748455,111,201.0,201.0,227.0,1,0.4293346405029297
101,0.13,1310,0.12841878247230665,158,201.0,201.0,247.0,1,0.7369656562805176
101,0.13,1379,0.1351828252132144,67,201.0,201.0,241.0,1,0.9028606414794922
101,0.13,1286,0.12606607195373,65,201.0,201.0,239.0,1,0.684659481048584
101,0.13,1407,0.13792765415155378,90,201.0,201.0,251.0,1,0.740772008895874
101,0.13,1319,0.12930104891677285,56,201.0,201.0,219.0,1,0.6380665302276611
101,0.13,1312,0.128614841682188,41,201.0,201.0,231.0,1,0.5895776748657227
101,0.13,1325,0.12988922654641702,38,201.0,201.0,247.0,1,0.6756858825683594
101,0.13,1313,0.12871287128712872,109,201.0,201.0,249.0,1,0.6700811386108398
101,0.13,1341,0.1314577002254681,42,201.0,201.0,253.0,1,0.7217860221862793
101,0.13,1305,0.1279286344476032,178,201.0,201.0,241.0,1,0.8362197875976562
101,0.13,1349,0.13224193706499363,108,201.0,201.0,235.0,1,0.7311007976531982
101,0.13,1339,0.1312616410155867,130,201.0,201.0,229.0,1,0.6366801261901855
101,0.13,1340,0.1313596706205274,698,201.0,201.0,223.0,1,0.5319409370422363
101,0.13,1320,0.12939907852171356,35,201.0,201.0,261.0,1,0.6435203552246094
101,0.13,1253,0.12283109499068719,152,201.0,201.0,235.0,1,0.4532637596130371
101,0.13,1321,0.12949710812665424,27,201.0,201.0,245.0,1,0.6704559326171875
101,0.13,1309,0.12832075286736594,1105,201.0,201.0,237.0,1,0.705312967300415
101,0.13,1315,0.1289089304970101,348,201.0,201.0,235.0,1,0.6540894508361816
101,0.13,1344,0.13175178904029017,158,201.0,201.0,237.0,1,0.6331405639648438
101,0.13,1262,0.12371336143515342,53,201.0,201.0,227.0,1,0.464216947555542
101,0.13,1324,0.12979119694147634,29,201.0,201.0,239.0,1,0.6127026081085205
101,0.13,1374,0.13469267718851094,77,201.0,201.0,223.0,1,0.5259082317352295
101,0.13,1363,0.13361435153416332,96,201.0,201.0,257.0,1,0.7858002185821533
101,0.13,1288,0.1262621311636114,39,201.0,201.0,265.0,1,0.734893798828125
101,0.13,1400,0.13724144691696893,53,201.0,201.0,263.0,1,0.7307558059692383
101,0.13,1346,0.13194784825017156,73,201.0,201.0,247.0,1,0.7333393096923828
101,0.13,1293,0.12675227918831486,29,201.0,201.0,233.0,1,0.6249899864196777
101,0.13,1315,0.1289089304970101,1,,,,0,0.0683903694152832
101,0.13,1285,0.12596804234878933,53,201.0,201.0,235.0,1,0.5605595111846924
101,0.13,1359,0.13322223311440054,184,201.0,201.0,229.0,1,0.5265376567840576
101,0.13,1322,0.12959513773159495,693,201.0,201.0,229.0,1,0.4802706241607666
101,0.13,1275,0.12498774629938242,126,201.0,201.0,227.0,1,0.6073291301727295
101,0.13,1358,0.13312420350945986,781,201.0,201.0,247.0,1,0.6080305576324463
101,0.13,1312,0.128614841682188,15,201.0,201.0,259.0,1,0.6471164226531982
101,0.13,1260,0.12351730222527203,72,201.0,201.0,237.0,1,0.4247453212738037
101,0.13,1302,0.1276345456327811,92,201.0,201.0,215.0,1,0.6714310646057129
101,0.13,1326,0.1299872561513577,109,201.0,201.0,247.0,1,0.820793628692627
101,0.13,1297,0.12714439760807764,62,201.0,201.0,241.0,1,0.6622638702392578
101,0.13,1354,0.13273208508969708,119,201.0,201.0,231.0,1,0.8095812797546387
101,0.17,1718,0.168414861288109,293,201.0,201.0,281.0,1,0.8140754699707031
101,0.17,1712,0.16782668365846487,245,201.0,201.0,287.0,1,0.703671932220459
101,0.17,1698,0.16645426918929518,112,201.0,201.0,281.0,1,0.9544436931610107
101,0.17,1717,0.16831683168316833,274,201.0,201.0,265.0,1,0.8302714824676514
101,0.17,1753,0.17184589746103324,10070,,,,0,0.9089460372924805
101,0.17,1776,0.17410057837466916,148,201.0,201.0,313.0,1,1.019057035446167
101,0.17,1792,0.17566905205372021,371,201.0,201.0,251.0,1,1.0045301914215088
101,0.17,1725,0.16910106852269385,66,201.0,201.0,317.0,1,1.022578239440918
101,0.17,1729,0.16949318694245663,76,201.0,201.0,261.0,1,0.9065239429473877
101,0.17,1727,0.16929712773257524,207,201.0,201.0,263.0,1,0.7237389087677002
101,0.17,1781,0.17459072639937262,276,201.0,201.0,245.0,1,0.7813241481781006
101,0.17,1707,0.16733653563376139,133,201.0,201.0,249.0,1,1.1500327587127686
101,0.17,1713,0.16792471326340555,109,201.0,201.0,267.0,1,0.9087936878204346
101,0.17,1673,0.16400352906577786,42,201.0,201.0,247.0,1,0.6887786388397217
101,0.17,1765,0.17302225272032154,88,201.0,201.0,275.0,1,0.7521586418151855
101,0.17,1677,0.16439564748554064,127,201.0,201.0,247.0,1,0.6964900493621826
101,0.17,1783,0.174786785609254,321,201.0,201.0,281.0,1,1.0115413665771484
101,0.17,1781,0.17459072639937262,39,201.0,201.0,249.0,1,0.7971212863922119
101,0.17,1714,0.16802274286834623,105,201.0,201.0,269.0,1,0.9434103965759277
101,0.17,1742,0.17076757180668561,85,201.0,201.0,299.0,1,0.9412841796875
101,0.17,1724,0.16900303891775317,90,201.0,201.0,239.0,1,1.1080341339111328
101,0.17,1730,0.1695912165473973,41,201.0,201.0,265.0,1,0.9792625904083252
101,0.17,1748,0.17135574943632978,63,201.0,201.0,247.0,1,0.7614014148712158
101,0.17,1779,0.17439466718949123,42,201.0,201.0,271.0,1,1.0216083526611328
101,0.17,1740,0.17057151259680423,26,201.0,201.0,249.0,1,0.7863032817840576
101,0.17,1733,0.16988530536221938,10106,,,,0,1.0720479488372803
101,0.17,1756,0.1721399862758553,41,201.0,201.0,243.0,1,0.8968849182128906
101,0.17,1752,0.17174786785609253,56,201.0,201.0,263.0,1,0.837700366973877
101,0.17,1652,0.16194490736202333,102,201.0,201.0,281.0,1,1.0526671409606934
101,0.17,1704,0.16704244681893932,21,201.0,201.0,259.0,1,0.9118762016296387
101,0.17,1766,0.17312028232526222,100,201.0,201.0,261.0,1,0.7190258502960205
101,0.17,1749,0.17145377904127046,182,201.0,201.0,249.0,1,0.7366683483123779
101,0.17,1733,0.16988530536221938,10107,,,,0,0.8640098571777344
101,0.17,1717,0.16831683168316833,603,201.0,201.0,281.0,1,0.9539949893951416
101,0.17,1695,0.16616018037447308,52,201.0,201.0,265.0,1,0.9147007465362549
101,0.17,1731,0.16968924615233802,233,201.0,201.0,249.0,1,0.8916201591491699
101,0.17,1727,0.16929712773257524,56,201.0,201.0,263.0,1,0.8950273990631104
101,0.17,1736,0.17017939417704148,28,201.0,201.0,297.0,1,1.2330498695373535
101,0.17,1699,0.16655229879423586,186,201.0,201.0,251.0,1,0.9602901935577393
101,0.17,1693,0.1659641211645917,13,,,,0,0.15762662887573242
101,0.17,1715,0.16812077247328694,1,,,,0,0.05519890785217285
101,0.17,1720,0.1686109204979904,133,201.0,201.0,221.0,1,0.6660411357879639
101,0.17,1752,0.17174786785609253,137,201.0,201.0,271.0,1,0.9767441749572754
101,0.17,1721,0.16870895010293108,86,201.0,201.0,275.0,1,0.5800893306732178
101,0.17,1743,0.17086560141162632,51,201.0,201.0,247.0,1,0.749434232711792
101,0.17,1709,0.16753259484364277,10111,,,,0,0.5886969566345215
101,0.17,1702,0.16684638760905793,96,201.0,201.0,237.0,1,0.4767003059387207
101,0.17,1809,0.17733555533771198,180,201.0,201.0,273.0,1,0.8009233474731445
101,0.17,1734,0.1699833349671601,1,,,,0,0.05591177940368652
101,0.17,1707,0.16733653563376139,24,201.0,201.0,241.0,1,0.9280698299407959
101,0.17,1715,0.16812077247328694,425,201.0,201.0,233.0,1,0.9656715393066406
101,0.17,1707,0.16733653563376139,72,201.0,201.0,229.0,1,0.57293701171875
101,0.17,1756,0.1721399862758553,29,201.0,201.0,243.0,1,0.5896527767181396
101,0.17,1689,0.16557200274482894,554,201.0,201.0,255.0,1,0.6952502727508545
101,0.17,1754,0.17194392706597392,302,201.0,201.0,251.0,1,1.129340648651123
101,0.17,1722,0.16880697970787178,420,201.0,201.0,253.0,1,0.7644948959350586
101,0.17,1759,0.17243407509067737,49,201.0,201.0,263.0,1,0.8517136573791504
101,0.17,1811,0.17753161454759336,22,201.0,201.0,265.0,1,0.8877043724060059
101,0.17,1748,0.17135574943632978,37,201.0,201.0,265.0,1,0.9251089096069336
101,0.17,1817,0.17811979217723753,52,201.0,201.0,251.0,1,1.222977638244629
101,0.17,1741,0.17066954220174493,46,201.0,201.0,267.0,1,0.9998123645782471
101,0.17,1757,0.172238015880796,136,201.0,201.0,249.0,1,0.48216962814331055
101,0.17,1756,0.1721399862758553,73,201.0,201.0,299.0,1,1.034681797027588
101,0.17,1828,0.17919811783158515,28,201.0,201.0,255.0,1,1.0190207958221436
101,0.17,1703,0.16694441721399864,40,201.0,201.0,275.0,1,0.9719922542572021
101,0.17,1730,0.1695912165473973,46,201.0,201.0,265.0,1,0.7851517200469971
101,0.17,1736,0.17017939417704148,483,201.0,201.0,267.0,1,0.7936725616455078
101,0.17,1746,0.1711596902264484,38,201.0,201.0,277.0,1,1.0536072254180908
101,0.17,1712,0.16782668365846487,300,201.0,201.0,235.0,1,0.9953606128692627
101,0.17,1632,0.1599843152632095,1,,,,0,0.05408763885498047
101,0.17,1822,0.178609940201941,73,201.0,201.0,251.0,1,0.8467798233032227
101,0.17,1758,0.1723360454857367,43,201.0,201.0,261.0,1,1.1225857734680176
101,0.17,1769,0.17341437114008432,11,201.0,201.0,275.0,1,0.90826416015625
101,0.17,1775,0.17400254876972845,72,201.0,201.0,249.0,1,1.0416851043701172
101,0.17,1698,0.16645426918929518,312,201.0,201.0,219.0,1,0.9995012283325195
101,0.17,1738,0.17037545338692284,35,201.0,201.0,265.0,1,0.9898529052734375
101,0.17,1686,0.16527791393000688,163,201.0,201.0,273.0,1,0.9351928234100342
101,0.17,1694,0.1660621507695324,559,201.0,201.0,223.0,1,0.7310795783996582
101,0.17,1704,0.16704244681893932,462,201.0,201.0,221.0,1,0.9126026630401611
101,0.17,1719,0.1685128908930497,180,201.0,201.0,241.0,1,0.704509973526001
101,0.17,1740,0.17057151259680423,298,201.0,201.0,249.0,1,0.8661129474639893
101,0.17,1772,0.17370845995490639,43,201.0,201.0,247.0,1,0.7374827861785889
101,0.17,1715,0.16812077247328694,126,201.0,201.0,249.0,1,0.9077904224395752
101,0.17,1740,0.17057151259680423,38,201.0,201.0,275.0,1,0.918438196182251
101,0.17,1705,0.16714047642388002,47,201.0,201.0,247.0,1,0.7396731376647949
101,0.17,1765,0.17302225272032154,34,201.0,201.0,241.0,1,1.0462756156921387
101,0.17,1737,0.17027742378198216,595,201.0,201.0,235.0,1,0.7392532825469971
101,0.17,1706,0.1672385060288207,131,201.0,201.0,245.0,1,1.1337714195251465
101,0.17,1673,0.16400352906577786,23,201.0,201.0,243.0,1,0.5415604114532471
101,0.17,1725,0.16910106852269385,38,201.0,201.0,251.0,1,1.1729364395141602
101,0.17,1728,0.16939515733751592,50,201.0,201.0,295.0,1,1.001826286315918
101,0.17,1688,0.16547397313988824,1,,,,0,0.07881617546081543
101,0.17,1695,0.16616018037447308,3,,,,0,0.06713700294494629
101,0.17,1696,0.1662582099794138,57,201.0,201.0,237.0,1,1.2033238410949707
101,0.17,1759,0.17243407509067737,55,201.0,201.0,255.0,1,0.9284267425537109
101,0.17,1688,0.16547397313988824,244,201.0,201.0,257.0,1,0.8274130821228027
101,0.17,1709,0.16753259484364277,291,201.0,201.0,285.0,1,1.128720998764038
101,0.17,1669,0.1636114106460151,100,201.0,201.0,255.0,1,0.6975789070129395
101,0.17,1790,0.17547299284383883,38,201.0,201.0,261.0,1,0.8402900695800781
101,0.17,1737,0.17027742378198216,240,201.0,201.0,249.0,1,0.8281092643737793
101,0.21,2097,0.2055680815606313,54,201.0,201.0,249.0,1,0.9845578670501709
101,0.21,2113,0.20713655523968239,53,201.0,201.0,271.0,1,2.1756460666656494
101,0.21,2095,0.20537202235074992,24,201.0,201.0,251.0,1,1.2286064624786377
101,0.21,2195,0.21517498284481915,1,,,,0,0.10212230682373047
101,0.21,2164,0.2121360650916577,104,201.0,201.0,299.0,1,1.37266206741333
101,0.21,2052,0.20115674933830016,54,201.0,201.0,323.0,1,1.3681755065917969
101,0.21,2175,0.2132143907460053,2,,,,0,0.06589674949645996
101,0.21,2187,0.2143907460052936,2,,,,0,0.06958317756652832
101,0.21,2170,0.21272424272130183,117,201.0,201.0,343.0,1,1.4038424491882324
101,0.21,2170,0.21272424272130183,73,201.0,201.0,251.0,1,1.343247652053833
101,0.21,2153,0.21105773943731007,20,203.0,203.0,305.0,1,0.8800637722015381
101,0.21,2111,0.206940496029801,272,201.0,201.0,231.0,1,1.0849614143371582
101,0.21,2083,0.2041956670914616,61,201.0,201.0,321.0,1,1.1768302917480469
101,0.21,2179,0.21360650916576807,72,201.0,201.0,323.0,1,1.2701964378356934
101,0.21,2160,0.21174394667189492,126,201.0,201.0,299.0,1,1.529297113418579
101,0.21,2026,0.19860797960984217,93,201.0,201.0,261.0,1,1.2447659969329834
101,0.21,2149,0.2106656210175473,137,201.0,201.0,297.0,1,1.1794312000274658
101,0.21,2120,0.20782276247426723,218,201.0,201.0,329.0,1,1.0995457172393799
101,0.21,2130,0.20880305852367415,86,201.0,201.0,277.0,1,1.2338130474090576
101,0.21,2180,0.21370453877070875,101,201.0,201.0,259.0,1,1.228510856628418
101,0.21,2160,0.21174394667189492,48,201.0,201.0,261.0,1,1.0826301574707031
101,0.21,2231,0.21870404862268406,17,201.0,201.0,285.0,1,1.139181137084961
101,0.21,2159,0.2116459170669542,33,201.0,201.0,279.0,1,1.160771131515503
101,0.21,2144,0.21017547299284384,5,,,,0,0.12435579299926758
101,0.21,2158,0.21154788746201353,1,,,,0,0.059888601303100586
101,0.21,2132,0.20899911773355553,10042,,,,0,1.3908491134643555
101,0.21,2157,0.21144985785707285,1,,,,0,0.05788421630859375
101,0.21,2053,0.20125477894324087,23,201.0,201.0,267.0,1,1.2665371894836426
101,0.21,2101,0.20596019998039408,69,201.0,201.0,269.0,1,0.8829207420349121
101,0.21,2112,0.2070385256347417,40,201.0,201.0,325.0,1,1.079026222229004
101,0.21,2176,0.213312420350946,11,201.0,201.0,277.0,1,1.2408115863800049
101,0.21,2129,0.20870502891873347,153,201.0,201.0,319.0,1,1.2383902072906494
101,0.21,2113,0.20713655523968239,89,201.0,201.0,275.0,1,0.8627035617828369
101,0.21,2155,0.21125379864719146,145,201.0,201.0,257.0,1,1.1450557708740234
101,0.21,2134,0.20919517694343692,40,201.0,201.0,285.0,1,1.5242106914520264
101,0.21,2144,0.21017547299284384,36,201.0,201.0,261.0,1,0.777909517288208
101,0.21,2116,0.20743064405450445,38,201.0,201.0,275.0,1,1.3591108322143555
101,0.21,2114,0.20723458484462307,25,201.0,201.0,287.0,1,1.1853272914886475
101,0.21,2133,0.20909714733849621,29,201.0,201.0,323.0,1,1.4348621368408203
101,0.21,2130,0.20880305852367415,59,201.0,201.0,273.0,1,1.2089755535125732
101,0.21,2133,0.20909714733849621,121,201.0,201.0,253.0,1,1.30063796043396
101,0.21,2149,0.2106656210175473,1,,,,0,0.06087303161621094
101,0.21,2136,0.2093912361533183,60,201.0,201.0,333.0,1,1.746018648147583
101,0.21,2126,0.20841094010391137,56,201.0,201.0,281.0,1,1.1976697444915771
101,0.21,2219,0.21752769336339575,70,201.0,201.0,287.0,1,1.0885684490203857
101,0.21,2101,0.20596019998039408,567,201.0,201.0,299.0,1,1.2083206176757812
101,0.21,2125,0.2083129104989707,60,201.0,201.0,249.0,1,1.1196811199188232
101,0.21,2170,0.21272424272130183,150,201.0,201.0,307.0,1,1.3559136390686035
101,0.21,2218,0.21742966375845504,120,201.0,201.0,263.0,1,1.173694372177124
101,0.21,2102,0.20605822958533476,1,,,,0,0.054924964904785156
101,0.21,2087,0.2045877855112244,138,201.0,201.0,277.0,1,1.332284927368164
101,0.21,2166,0.21233212430153905,10003,,,,0,1.1239635944366455
101,0.21,2123,0.2081168512890893,1,,,,0,0.05988287925720215
101,0.21,2175,0.2132143907460053,51,201.0,201.0,283.0,1,1.2301552295684814
101,0.21,2093,0.20517596314086856,3,,,,0,0.10876584053039551
101,0.21,2076,0.20350945985687677,57,201.0,201.0,269.0,1,1.1881740093231201
101,0.21,2138,0.2095872953631997,322,201.0,201.0,309.0,1,1.3010361194610596
101,0.21,2161,0.2118419762768356,1,,,,0,0.09275150299072266
101,0.21,2148,0.21056759141260661,12,201.0,201.0,257.0,1,0.8411331176757812
101,0.21,2153,0.21105773943731007,10056,,,,0,1.2170701026916504
101,0.21,2181,0.21380256837564945,28,201.0,201.0,307.0,1,1.0921781063079834
101,0.21,2114,0.20723458484462307,107,201.0,201.0,291.0,1,1.2092006206512451
101,0.21,2103,0.20615625919027547,38,201.0,201.0,281.0,1,1.1012911796569824
101,0.21,2082,0.20409763748652093,41,201.0,201.0,271.0,1,1.1514451503753662
101,0.21,2131,0.20890108812861485,19,201.0,201.0,281.0,1,1.3029212951660156
101,0.21,2094,0.20527399274580924,688,201.0,201.0,261.0,1,1.1915168762207031
101,0.21,2162,0.2119400058817763,87,201.0,201.0,277.0,1,1.0136568546295166
101,0.21,2162,0.2119400058817763,10033,,,,0,0.9794938564300537
101,0.21,2138,0.2095872953631997,39,201.0,201.0,267.0,1,1.055715560913086
101,0.21,2102,0.20605822958533476,74,201.0,201.0,299.0,1,1.556661605834961
101,0.21,2207,0.21635133810410745,15,201.0,201.0,283.0,1,1.467027187347412
101,0.21,2087,0.2045877855112244,78,201.0,201.0,303.0,1,1.5396063327789307
101,0.21,2109,0.2067444368199196,307,201.0,201.0,287.0,1,1.0218214988708496
101,0.21,2131,0.20890108812861485,38,201.0,201.0,263.0,1,1.2679243087768555
101,0.21,2178,0.21350847956082736,43,201.0,201.0,305.0,1,1.3435826301574707
101,0.21,2129,0.20870502891873347,37,201.0,201.0,317.0,1,1.1454710960388184
101,0.21,2108,0.20664640721497893,170,201.0,201.0,305.0,1,1.2972016334533691
101,0.21,2077,0.20360748946181748,19,201.0,201.0,277.0,1,0.9677145481109619
101,0.21,2147,0.2104695618076659,23,201.0,201.0,305.0,1,1.3175489902496338
101,0.21,2114,0.20723458484462307,782,201.0,201.0,269.0,1,1.1771080493927002
101,0.21,2076,0.20350945985687677,23,201.0,201.0,331.0,1,1.4652996063232422
101,0.21,2115,0.20733261444956377,110,201.0,201.0,267.0,1,0.7961275577545166
101,0.21,2198,0.21546907165964121,28,201.0,201.0,299.0,1,1.227184772491455
101,0.21,2137,0.209489265758259,41,201.0,201.0,285.0,1,1.1426002979278564
101,0.21,2115,0.20733261444956377,29,201.0,201.0,323.0,1,1.2260963916778564
101,0.21,2144,0.21017547299284384,55,201.0,201.0,247.0,1,1.1910836696624756
101,0.21,2182,0.21390059798059013,27,201.0,201.0,265.0,1,1.2290377616882324
101,0.21,2095,0.20537202235074992,10075,,,,0,1.0425338745117188
101,0.21,2197,0.2153710420547005,56,201.0,201.0,307.0,1,1.5949833393096924
101,0.21,2237,0.2192922262523282,39,201.0,201.0,317.0,1,1.2072563171386719
101,0.21,2092,0.20507793353592785,81,201.0,201.0,349.0,1,1.2917447090148926
101,0.21,2201,0.21576316047446328,38,201.0,201.0,297.0,1,1.2050440311431885
101,0.21,2135,0.2092932065483776,1,,,,0,0.08316683769226074
101,0.21,2141,0.20988138417802177,105,201.0,201.0,307.0,1,1.4503629207611084
101,0.21,2161,0.2118419762768356,236,201.0,201.0,301.0,1,1.3392815589904785
101,0.21,2133,0.20909714733849621,134,201.0,201.0,295.0,1,1.354398488998413
101,0.21,2105,0.20635231840015686,247,201.0,201.0,291.0,1,0.9158802032470703
101,0.21,2151,0.21086168022742868,40,201.0,201.0,301.0,1,1.1946921348571777
101,0.21,2220,0.21762572296833643,65,201.0,203.0,277.0,1,1.0089943408966064
101,0.21,2211,0.2167434565238702,10076,,,,0,1.4252028465270996
101,0.25,2594,0.2542887952161553,108,201.0,201.0,301.0,1,1.4348382949829102
101,0.25,2539,0.24889716694441721,14,,,,0,0.1974639892578125
101,0.25,2452,0.240368591314577,370,201.0,201.0,319.0,1,1.8248388767242432
101,0.25,2525,0.24752475247524752,38,201.0,201.0,309.0,1,1.1829497814178467
101,0.25,2487,0.24379962748750122,15,201.0,201.0,401.0,1,1.6351985931396484
101,0.25,2563,0.2512498774629938,64,201.0,201.0,309.0,1,1.4843454360961914
101,0.25,2561,0.25105381825311246,148,201.0,201.0,281.0,1,1.7277133464813232
101,0.25,2500,0.24507401235173024,10042,,,,0,1.6391141414642334
101,0.25,2528,0.2478188412900696,10034,,,,0,2.032785177230835
101,0.25,2581,0.2530144103519263,9969,,,,0,1.7771499156951904
101,0.25,2560,0.25095578864817175,51,201.0,201.0,323.0,1,1.6786212921142578
101,0.25,2507,0.24576021958631505,3,,,,0,0.11744284629821777
101,0.25,2485,0.24360356827761984,40,201.0,201.0,359.0,1,1.7914750576019287
101,0.25,2610,0.2558572688952064,25,201.0,201.0,335.0,1,1.3903462886810303
101,0.25,2564,0.25134790706793453,47,201.0,201.0,331.0,1,1.4633393287658691
101,0.25,2549,0.24987746299382413,121,201.0,201.0,321.0,1,1.3237290382385254
101,0.25,2571,0.2520341143025194,324,201.0,201.0,329.0,1,1.4514079093933105
101,0.25,2543,0.24928928536418,405,201.0,201.0,283.0,1,1.6612794399261475
101,0.25,2512,0.24625036761101854,10050,,,,0,1.6035566329956055
101,0.25,2488,0.2438976570924419,61,201.0,203.0,341.0,1,1.6052241325378418
101,0.25,2552,0.2501715518086462,211,201.0,201.0,379.0,1,2.0045127868652344
101,0.25,2591,0.2539947064013332,109,201.0,203.0,319.0,1,1.7299768924713135
101,0.25,2562,0.2511518478580531,61,201.0,201.0,351.0,1,1.4453551769256592
101,0.25,2520,0.24703460445054407,10046,,,,0,1.4599378108978271
101,0.25,2535,0.24850504852465444,42,201.0,201.0,297.0,1,1.7052860260009766
101,0.25,2630,0.2578178609940202,10002,,,,0,1.7846307754516602
101,0.25,2588,0.25370061758651113,37,201.0,201.0,271.0,1,1.130303144454956
101,0.25,2480,0.24311342025291638,341,201.0,201.0,415.0,1,1.918755054473877
101,0.25,2574,0.25232820311734144,3,,,,0,0.05588507652282715
101,0.25,2491,0.244191745907264,25,201.0,201.0,311.0,1,1.519519567489624
101,0.25,2547,0.24968140378394274,10,,,,0,0.16730237007141113
101,0.25,2561,0.25105381825311246,6,201.0,201.0,327.0,1,1.6736619472503662
101,0.25,2526,0.24762278208018823,10043,,,,0,1.6606647968292236
101,0.25,2546,0.24958337417900206,1,,,,0,0.06489777565002441
101,0.25,2557,0.2506616998333497,118,201.0,201.0,369.0,1,1.6629817485809326
101,0.25,2534,0.24840701891971376,119,201.0,201.0,285.0,1,1.0078184604644775
101,0.25,2569,0.25183805509263796,181,201.0,201.0,287.0,1,1.1994132995605469
101,0.25,2477,0.2428193314380943,19,201.0,201.0,307.0,1,1.7137715816497803
101,0.25,2549,0.24987746299382413,54,201.0,201.0,271.0,1,1.1357476711273193
101,0.25,2470,0.24213312420350946,116,201.0,201.0,273.0,1,1.2469289302825928
101,0.25,2579,0.2528183511420449,10018,,,,0,1.7290196418762207
101,0.25,2564,0.25134790706793453,4,,,,0,0.08077311515808105
101,0.25,2568,0.2517400254876973,5,,,,0,0.11009669303894043
101,0.25,2633,0.2581119498088423,169,201.0,201.0,307.0,1,1.046583890914917
101,0.25,2551,0.25007352220370554,13,,,,0,0.35771608352661133
101,0.25,2533,0.24830898931477305,69,201.0,201.0,349.0,1,1.249074935913086
101,0.25,2532,0.24821095970983237,53,201.0,201.0,333.0,1,1.2608473300933838
101,0.25,2523,0.24732869326536613,27,201.0,201.0,295.0,1,1.1879198551177979
101,0.25,2539,0.24889716694441721,57,201.0,201.0,313.0,1,1.6627099514007568
101,0.25,2559,0.25085775904323104,74,201.0,201.0,295.0,1,1.701716423034668
101,0.25,2562,0.2511518478580531,82,201.0,201.0,273.0,1,1.5514428615570068
101,0.25,2456,0.24076070973433977,104,201.0,201.0,301.0,1,1.3596758842468262
101,0.25,2549,0.24987746299382413,335,201.0,201.0,303.0,1,1.2055418491363525
101,0.25,2549,0.24987746299382413,20,,,,0,0.2796015739440918
101,0.25,2655,0.2602686011175375,54,201.0,201.0,421.0,1,1.9112772941589355
101,0.25,2524,0.24742672287030684,25,201.0,201.0,343.0,1,1.3499150276184082
101,0.25,2475,0.24262327222821292,100,201.0,201.0,329.0,1,1.6178781986236572
101,0.25,2488,0.2438976570924419,26,201.0,201.0,293.0,1,1.670036792755127
101,0.25,2500,0.24507401235173024,149,201.0,201.0,349.0,1,1.7903788089752197
101,0.25,2528,0.2478188412900696,10043,,,,0,1.407862901687622
101,0.25,2526,0.24762278208018823,41,201.0,201.0,351.0,1,2.538050889968872
101,0.25,2537,0.24870110773453583,103,201.0,201.0,305.0,1,1.5598371028900146
101,0.25,2587,0.2536025879815704,10027,,,,0,1.5597145557403564
101,0.25,2599,0.25477894324085876,10025,,,,0,1.4863660335540771
101,0.25,2555,0.25046564062346827,18,201.0,201.0,303.0,1,1.7230286598205566
101,0.25,2529,0.2479168708950103,189,201.0,201.0,311.0,1,1.3437764644622803
101,0.25,2559,0.25085775904323104,10029,,,,0,1.7614524364471436
101,0.25,2513,0.24634839721595922,15,,,,0,0.26398515701293945
101,0.25,2551,0.25007352220370554,56,201.0,201.0,387.0,1,2.0283126831054688
101,0.25,2593,0.25419076561121456,10011,,,,0,1.8730473518371582
101,0.25,2575,0.25242623272228215,68,201.0,201.0,273.0,1,1.7026193141937256
101,0.25,2540,0.2489951965493579,157,201.0,201.0,309.0,1,1.4461784362792969
101,0.25,2549,0.24987746299382413,84,201.0,201.0,299.0,1,1.522040843963623
101,0.25,2570,0.25193608469757867,51,201.0,201.0,309.0,1,1.2676541805267334
101,0.25,2501,0.24517204195667092,2,,,,0,0.0714712142944336
101,0.25,2533,0.24830898931477305,30,201.0,201.0,343.0,1,1.6894922256469727
101,0.25,2574,0.25232820311734144,112,201.0,201.0,327.0,1,1.2444334030151367
101,0.25,2473,0.24242721301833153,41,201.0,201.0,315.0,1,1.9722998142242432
101,0.25,2600,0.2548769728457994,25,201.0,201.0,331.0,1,2.0003819465637207
101,0.25,2539,0.24889716694441721,10011,,,,0,0.9751930236816406
101,0.25,2517,0.246740515635722,151,201.0,201.0,301.0,1,1.514660120010376
101,0.25,2505,0.2455641603764337,67,201.0,201.0,357.0,1,1.576683759689331
101,0.25,2571,0.2520341143025194,33,201.0,201.0,321.0,1,1.4396271705627441
101,0.25,2618,0.2566415057347319,84,201.0,201.0,269.0,1,1.3028128147125244
101,0.25,2510,0.24605430840113715,2,,,,0,0.08594155311584473
101,0.25,2584,0.25330849916674836,86,201.0,201.0,411.0,1,1.9757089614868164
101,0.25,2538,0.24879913733947653,59,201.0,201.0,307.0,1,1.0040435791015625
101,0.25,2572,0.25213214390746,30,,,,0,0.3344571590423584
101,0.25,2528,0.2478188412900696,14,201.0,201.0,297.0,1,1.2186245918273926
101,0.25,2601,0.2549750024507401,4,,,,0,0.09715127944946289
101,0.25,2553,0.2502695814135869,209,201.0,201.0,317.0,1,1.3907763957977295
101,0.25,2516,0.2466424860307813,166,201.0,201.0,341.0,1,1.6559176445007324
101,0.25,2589,0.25379864719145184,101,201.0,201.0,265.0,1,1.262620449066162
101,0.25,2545,0.24948534457406138,23,201.0,201.0,351.0,1,2.0395429134368896
101,0.25,2519,0.24693657484560338,9997,,,,0,1.8544907569885254
101,0.25,2569,0.25183805509263796,23,201.0,201.0,355.0,1,1.4779043197631836
101,0.25,2539,0.24889716694441721,196,201.0,201.0,277.0,1,1.4741103649139404
101,0.25,2466,0.2417410057837467,11,201.0,201.0,349.0,1,1.707298755645752
101,0.25,2554,0.2503676110185276,9879,,,,0,1.6862521171569824
101,0.25,2504,0.24546613077149299,94,201.0,201.0,395.0,1,1.4886384010314941
