Dimension,Probability,No_of_blocks,Density,Cells_Processed,Shortest_Path_In_Final_Discovered_Grid,Shortest_Path_In_Full_Grid,Outcome,Trajectory_length,Time_taken
101,0.01,114,0.011175374963238898,415,205.0,205.0,1,205.0,0.013001680374145508
101,0.01,97,0.009508871679247133,399,201.0,201.0,1,201.0,0.008010149002075195
101,0.01,104,0.010195078913831977,415,203.0,203.0,1,205.0,0.013929128646850586
101,0.01,82,0.00803842760513675,417,203.0,203.0,1,203.0,0.011004209518432617
101,0.01,108,0.010587197333594745,440,203.0,203.0,1,203.0,0.018946409225463867
101,0.01,90,0.008822664444662289,425,201.0,201.0,1,201.0,0.016954660415649414
101,0.01,111,0.010881286148416823,402,203.0,203.0,1,203.0,0.007993698120117188
101,0.01,96,0.00941084207430644,405,205.0,205.0,1,205.0,0.009970903396606445
101,0.01,101,0.009900990099009901,399,201.0,201.0,1,201.0,0.008009195327758789
101,0.01,86,0.00843054602489952,445,203.0,203.0,1,203.0,0.022967100143432617
101,0.01,86,0.00843054602489952,408,207.0,207.0,1,207.0,0.00797724723815918
101,0.01,107,0.010489167728654054,399,201.0,201.0,1,201.0,0.011967897415161133
101,0.01,111,0.010881286148416823,491,203.0,203.0,1,203.0,0.027894258499145508
101,0.01,103,0.010097049308891284,434,201.0,201.0,1,201.0,0.01493978500366211
101,0.01,93,0.009116753259484365,402,203.0,203.0,1,203.0,0.012981653213500977
101,0.01,86,0.00843054602489952,399,201.0,201.0,1,201.0,0.0069468021392822266
101,0.01,100,0.009802960494069209,402,203.0,203.0,1,203.0,0.007979154586791992
101,0.01,103,0.010097049308891284,433,203.0,203.0,1,203.0,0.01200103759765625
101,0.01,94,0.009214782864425057,461,203.0,203.0,1,203.0,0.029919862747192383
101,0.01,94,0.009214782864425057,470,205.0,205.0,1,205.0,0.017949342727661133
101,0.01,123,0.012057641407705127,481,201.0,201.0,1,203.0,0.016955852508544922
101,0.01,98,0.009606901284187825,402,203.0,203.0,1,203.0,0.005017757415771484
101,0.01,109,0.010685226938535438,405,205.0,205.0,1,205.0,0.01000070571899414
101,0.01,103,0.010097049308891284,399,201.0,201.0,1,201.0,0.008980512619018555
101,0.01,110,0.01078325654347613,407,205.0,205.0,1,207.0,0.00498652458190918
101,0.01,99,0.009704930889128516,402,203.0,203.0,1,203.0,0.005986452102661133
101,0.01,108,0.010587197333594745,405,205.0,205.0,1,205.0,0.005982398986816406
101,0.01,94,0.009214782864425057,405,205.0,205.0,1,205.0,0.010973691940307617
101,0.01,85,0.008332516419958828,409,207.0,207.0,1,207.0,0.007978200912475586
101,0.01,113,0.011077345358298206,405,205.0,205.0,1,205.0,0.009008646011352539
101,0.01,101,0.009900990099009901,399,201.0,201.0,1,201.0,0.0039920806884765625
101,0.01,92,0.009018723654543672,412,201.0,201.0,1,201.0,0.012997865676879883
101,0.01,105,0.01029310851877267,439,201.0,201.0,1,201.0,0.01495814323425293
101,0.01,110,0.01078325654347613,405,205.0,205.0,1,205.0,0.005983114242553711
101,0.01,109,0.010685226938535438,405,205.0,205.0,1,205.0,0.006993293762207031
101,0.01,100,0.009802960494069209,402,203.0,203.0,1,203.0,0.006983041763305664
101,0.01,120,0.01176355259288305,402,203.0,203.0,1,203.0,0.009008646011352539
101,0.01,113,0.011077345358298206,435,201.0,201.0,1,201.0,0.014928579330444336
101,0.01,119,0.01166552298794236,399,201.0,201.0,1,201.0,0.005985736846923828
101,0.01,110,0.01078325654347613,399,201.0,201.0,1,201.0,0.005983114242553711
101,0.01,103,0.010097049308891284,402,203.0,203.0,1,203.0,0.011937141418457031
101,0.01,90,0.008822664444662289,405,205.0,205.0,1,205.0,0.009010553359985352
101,0.01,112,0.010979315753357513,402,203.0,203.0,1,203.0,0.006983041763305664
101,0.01,95,0.009312812469365748,399,201.0,201.0,1,201.0,0.0059850215911865234
101,0.01,95,0.009312812469365748,402,203.0,203.0,1,203.0,0.009941816329956055
101,0.01,106,0.010391138123713362,399,201.0,201.0,1,201.0,0.012923479080200195
101,0.01,113,0.011077345358298206,434,203.0,203.0,1,205.0,0.015942811965942383
101,0.01,75,0.0073522203705519065,407,205.0,205.0,1,205.0,0.010963201522827148
101,0.01,97,0.009508871679247133,408,207.0,207.0,1,207.0,0.007977962493896484
101,0.01,110,0.01078325654347613,402,203.0,203.0,1,203.0,0.006974220275878906
101,0.01,86,0.00843054602489952,411,201.0,201.0,1,201.0,0.011938095092773438
101,0.01,93,0.009116753259484365,402,203.0,203.0,1,203.0,0.007977962493896484
101,0.01,97,0.009508871679247133,405,205.0,205.0,1,205.0,0.010004758834838867
101,0.01,102,0.009999019703950594,402,203.0,203.0,1,203.0,0.008922338485717773
101,0.01,104,0.010195078913831977,402,203.0,203.0,1,203.0,0.014958620071411133
101,0.01,103,0.010097049308891284,399,201.0,201.0,1,201.0,0.0049839019775390625
101,0.01,119,0.01166552298794236,408,207.0,207.0,1,207.0,0.009973287582397461
101,0.01,113,0.011077345358298206,405,205.0,205.0,1,205.0,0.005986928939819336
101,0.01,99,0.009704930889128516,399,201.0,201.0,1,201.0,0.006985664367675781
101,0.01,104,0.010195078913831977,421,205.0,205.0,1,205.0,0.02892279624938965
101,0.01,100,0.009802960494069209,402,203.0,203.0,1,203.0,0.0069806575775146484
101,0.01,95,0.009312812469365748,456,205.0,205.0,1,205.0,0.021973609924316406
101,0.01,92,0.009018723654543672,405,205.0,205.0,1,205.0,0.011966943740844727
101,0.01,103,0.010097049308891284,408,203.0,203.0,1,203.0,0.012966394424438477
101,0.01,118,0.011567493383001667,444,203.0,203.0,1,203.0,0.016954421997070312
101,0.01,104,0.010195078913831977,402,203.0,203.0,1,203.0,0.005984306335449219
101,0.01,93,0.009116753259484365,412,201.0,201.0,1,201.0,0.013001441955566406
101,0.01,90,0.008822664444662289,411,203.0,203.0,1,203.0,0.010003805160522461
101,0.01,104,0.010195078913831977,411,209.0,209.0,1,209.0,0.009973526000976562
101,0.01,109,0.010685226938535438,419,201.0,201.0,1,201.0,0.010940313339233398
101,0.01,120,0.01176355259288305,448,203.0,203.0,1,203.0,0.015957117080688477
101,0.01,107,0.010489167728654054,402,203.0,203.0,1,203.0,0.004986286163330078
101,0.01,112,0.010979315753357513,405,205.0,205.0,1,205.0,0.009008646011352539
101,0.01,112,0.010979315753357513,402,203.0,203.0,1,203.0,0.011007308959960938
101,0.01,101,0.009900990099009901,399,201.0,201.0,1,201.0,0.0069844722747802734
101,0.01,95,0.009312812469365748,405,205.0,205.0,1,205.0,0.0059812068939208984
101,0.01,110,0.01078325654347613,402,203.0,203.0,1,203.0,0.01200556755065918
101,0.01,99,0.009704930889128516,436,201.0,201.0,1,201.0,0.013963699340820312
101,0.01,98,0.009606901284187825,402,203.0,203.0,1,203.0,0.006977558135986328
101,0.01,112,0.010979315753357513,402,203.0,203.0,1,203.0,0.00897669792175293
101,0.01,134,0.01313596706205274,411,207.0,207.0,1,209.0,0.011954545974731445
101,0.01,104,0.010195078913831977,399,201.0,201.0,1,201.0,0.00897526741027832
101,0.01,89,0.008724634839721596,399,201.0,201.0,1,201.0,0.008971214294433594
101,0.01,98,0.009606901284187825,402,203.0,203.0,1,203.0,0.009972333908081055
101,0.01,107,0.010489167728654054,402,203.0,203.0,1,203.0,0.010005950927734375
101,0.01,90,0.008822664444662289,402,203.0,203.0,1,203.0,0.007974386215209961
101,0.01,114,0.011175374963238898,459,203.0,203.0,1,203.0,0.018916606903076172
101,0.01,103,0.010097049308891284,402,203.0,203.0,1,203.0,0.004018306732177734
101,0.01,118,0.011567493383001667,405,205.0,205.0,1,205.0,0.009942293167114258
101,0.01,102,0.009999019703950594,453,203.0,203.0,1,203.0,0.01994800567626953
101,0.01,94,0.009214782864425057,402,203.0,203.0,1,203.0,0.0069615840911865234
101,0.01,91,0.00892069404960298,405,205.0,205.0,1,205.0,0.00799250602722168
101,0.01,114,0.011175374963238898,444,201.0,201.0,1,201.0,0.02198314666748047
101,0.01,99,0.009704930889128516,399,201.0,201.0,1,201.0,0.010970592498779297
101,0.01,94,0.009214782864425057,402,203.0,203.0,1,203.0,0.00997018814086914
101,0.01,119,0.01166552298794236,441,201.0,201.0,1,201.0,0.012964725494384766
101,0.01,107,0.010489167728654054,399,201.0,201.0,1,201.0,0.008011579513549805
101,0.01,97,0.009508871679247133,402,203.0,203.0,1,203.0,0.004986763000488281
101,0.01,97,0.009508871679247133,443,205.0,205.0,1,205.0,0.018953800201416016
101,0.01,96,0.00941084207430644,399,201.0,201.0,1,201.0,0.006977081298828125
101,0.05,540,0.05293598666797373,419,209.0,209.0,1,209.0,0.013992071151733398
101,0.05,564,0.055288697186550335,488,209.0,207.0,1,209.0,0.044910430908203125
101,0.05,510,0.049995098519752965,499,223.0,223.0,1,227.0,0.034905195236206055
101,0.05,468,0.0458778551122439,505,211.0,211.0,1,211.0,0.03490495681762695
101,0.05,503,0.04930889128516812,489,209.0,207.0,1,209.0,0.033919572830200195
101,0.05,498,0.04881874326046466,509,221.0,217.0,1,223.0,0.044878482818603516
101,0.05,503,0.04930889128516812,436,213.0,211.0,1,213.0,0.01994633674621582
101,0.05,555,0.05440643074208411,497,215.0,215.0,1,215.0,0.039443016052246094
101,0.05,469,0.04597588471718459,424,209.0,209.0,1,209.0,0.016976594924926758
101,0.05,531,0.0520537202235075,516,223.0,223.0,1,225.0,0.04946422576904297
101,0.05,532,0.05215174982844819,437,201.0,201.0,1,201.0,0.01795053482055664
101,0.05,487,0.047740417606117046,462,203.0,203.0,1,203.0,0.022902488708496094
101,0.05,495,0.048524654445642586,489,209.0,209.0,1,209.0,0.035935401916503906
101,0.05,524,0.051367512988922656,505,215.0,215.0,1,217.0,0.02779865264892578
101,0.05,484,0.04744632879129497,476,207.0,207.0,1,207.0,0.03291010856628418
101,0.05,460,0.045093618272718364,499,209.0,209.0,1,211.0,0.025642871856689453
101,0.05,492,0.04823056563082051,480,203.0,203.0,1,205.0,0.03988933563232422
101,0.05,514,0.050387216939515735,493,213.0,213.0,1,215.0,0.033905744552612305
101,0.05,521,0.05107342417410058,454,211.0,211.0,1,217.0,0.049865007400512695
101,0.05,487,0.047740417606117046,467,219.0,219.0,1,221.0,0.026931047439575195
101,0.05,543,0.053230075482795805,494,215.0,215.0,1,217.0,0.034888267517089844
101,0.05,484,0.04744632879129497,478,207.0,207.0,1,207.0,0.02089238166809082
101,0.05,487,0.047740417606117046,465,205.0,205.0,1,205.0,0.02988719940185547
101,0.05,479,0.04695618076659151,409,205.0,205.0,1,205.0,0.015926599502563477
101,0.05,539,0.052837957063033035,440,217.0,217.0,1,219.0,0.02695918083190918
101,0.05,487,0.047740417606117046,496,209.0,209.0,1,209.0,0.03670763969421387
101,0.05,569,0.0557788452112538,498,211.0,213.0,1,213.0,0.039888620376586914
101,0.05,538,0.05273992745809234,489,209.0,209.0,1,211.0,0.03589320182800293
101,0.05,524,0.051367512988922656,488,209.0,209.0,1,209.0,0.026043176651000977
101,0.05,546,0.05352416429761788,473,205.0,205.0,1,205.0,0.022905349731445312
101,0.05,503,0.04930889128516812,413,209.0,209.0,1,209.0,0.00897359848022461
101,0.05,487,0.047740417606117046,476,205.0,205.0,1,207.0,0.03886556625366211
101,0.05,504,0.04940692089010881,467,215.0,215.0,1,215.0,0.04245352745056152
101,0.05,478,0.04685815116165082,417,213.0,213.0,1,213.0,0.012039661407470703
101,0.05,485,0.047544358396235664,414,211.0,211.0,1,211.0,0.011968851089477539
101,0.05,503,0.04930889128516812,509,213.0,213.0,1,217.0,0.040924072265625
101,0.05,484,0.04744632879129497,454,213.0,213.0,1,215.0,0.031624555587768555
101,0.05,511,0.05009312812469366,480,207.0,207.0,1,213.0,0.03392195701599121
101,0.05,588,0.05764140770512695,508,221.0,219.0,1,225.0,0.038895606994628906
101,0.05,463,0.04538770708754044,465,205.0,205.0,1,215.0,0.0310366153717041
101,0.05,527,0.05166160180374473,485,207.0,207.0,1,209.0,0.029949426651000977
101,0.05,503,0.04930889128516812,438,209.0,209.0,1,209.0,0.024045467376708984
101,0.05,527,0.05166160180374473,496,211.0,211.0,1,213.0,0.044866085052490234
101,0.05,466,0.045681795902362515,449,211.0,211.0,1,213.0,0.02696084976196289
101,0.05,499,0.048916772865405356,473,219.0,215.0,1,225.0,0.0339052677154541
101,0.05,484,0.04744632879129497,433,209.0,209.0,1,211.0,0.027923107147216797
101,0.05,541,0.053034016272914423,467,209.0,207.0,1,211.0,0.035768747329711914
101,0.05,504,0.04940692089010881,502,211.0,209.0,1,211.0,0.04687356948852539
101,0.05,512,0.050191157729634346,467,205.0,205.0,1,205.0,0.026927709579467773
101,0.05,526,0.05156357219880404,483,203.0,203.0,1,205.0,0.03312873840332031
101,0.05,504,0.04940692089010881,487,213.0,211.0,1,215.0,0.04088997840881348
101,0.05,519,0.05087736496421919,448,211.0,211.0,1,213.0,0.020973920822143555
101,0.05,508,0.04979903930987158,452,207.0,207.0,1,207.0,0.014958381652832031
101,0.05,496,0.04862268405058327,487,205.0,205.0,1,205.0,0.025922298431396484
101,0.05,479,0.04695618076659151,480,209.0,209.0,1,211.0,0.02293682098388672
101,0.05,506,0.049602980099990195,507,207.0,207.0,1,209.0,0.018913745880126953
101,0.05,486,0.04764238800117636,464,201.0,201.0,1,201.0,0.041919708251953125
101,0.05,512,0.050191157729634346,475,205.0,205.0,1,205.0,0.036932945251464844
101,0.05,494,0.04842662484070189,487,207.0,207.0,1,209.0,0.044768571853637695
101,0.05,501,0.04911283207528674,412,209.0,209.0,1,211.0,0.01296377182006836
101,0.05,497,0.04872071365552397,424,209.0,207.0,1,209.0,0.024966001510620117
101,0.05,465,0.04558376629742182,468,205.0,205.0,1,205.0,0.03490304946899414
101,0.05,530,0.05195569061856681,510,211.0,211.0,1,215.0,0.0352175235748291
101,0.05,532,0.05215174982844819,504,205.0,205.0,1,209.0,0.01998114585876465
101,0.05,476,0.04666209195176944,492,203.0,203.0,1,203.0,0.026140213012695312
101,0.05,546,0.05352416429761788,510,213.0,213.0,1,219.0,0.030917882919311523
101,0.05,528,0.051759631408685426,483,207.0,207.0,1,207.0,0.03004169464111328
101,0.05,533,0.052249779433388883,478,209.0,209.0,1,211.0,0.02494359016418457
101,0.05,484,0.04744632879129497,480,207.0,207.0,1,211.0,0.02296924591064453
101,0.05,506,0.049602980099990195,473,207.0,207.0,1,207.0,0.03490495681762695
101,0.05,492,0.04823056563082051,496,211.0,211.0,1,213.0,0.02692866325378418
101,0.05,458,0.044897559062836975,504,213.0,213.0,1,215.0,0.037897586822509766
101,0.05,543,0.053230075482795805,487,215.0,215.0,1,219.0,0.03387308120727539
101,0.05,498,0.04881874326046466,484,211.0,211.0,1,211.0,0.023126840591430664
101,0.05,553,0.05421037153220273,504,209.0,209.0,1,209.0,0.0648946762084961
101,0.05,536,0.05254386824821096,432,209.0,209.0,1,211.0,0.024908781051635742
101,0.05,519,0.05087736496421919,504,213.0,213.0,1,221.0,0.03882479667663574
101,0.05,514,0.050387216939515735,485,205.0,205.0,1,207.0,0.0375666618347168
101,0.05,474,0.04646603274188805,492,211.0,211.0,1,213.0,0.026926517486572266
101,0.05,556,0.0545044603470248,470,213.0,211.0,1,213.0,0.029950618743896484
101,0.05,536,0.05254386824821096,463,205.0,205.0,1,205.0,0.024930953979492188
101,0.05,506,0.049602980099990195,480,209.0,209.0,1,217.0,0.03608369827270508
101,0.05,494,0.04842662484070189,463,217.0,215.0,1,227.0,0.03195047378540039
101,0.05,516,0.050583276149397116,505,213.0,213.0,1,217.0,0.028989076614379883
101,0.05,501,0.04911283207528674,497,211.0,211.0,1,211.0,0.022961854934692383
101,0.05,507,0.04970100970493089,442,207.0,207.0,1,207.0,0.017434120178222656
101,0.05,512,0.050191157729634346,497,211.0,211.0,1,211.0,0.06180167198181152
101,0.05,537,0.052641897853151653,503,215.0,215.0,1,217.0,0.04367828369140625
101,0.05,532,0.05215174982844819,452,211.0,209.0,1,211.0,0.040886878967285156
101,0.05,547,0.053622193902558575,485,209.0,209.0,1,213.0,0.031915903091430664
101,0.05,515,0.05048524654445643,503,211.0,211.0,1,213.0,0.03884720802307129
101,0.05,526,0.05156357219880404,488,205.0,205.0,1,205.0,0.0239715576171875
101,0.05,509,0.04989706891481227,466,211.0,211.0,1,211.0,0.02931833267211914
101,0.05,527,0.05166160180374473,485,209.0,209.0,1,211.0,0.030916213989257812
101,0.05,536,0.05254386824821096,506,213.0,213.0,1,215.0,0.03991580009460449
101,0.05,476,0.04666209195176944,443,207.0,205.0,1,209.0,0.016952991485595703
101,0.05,516,0.050583276149397116,463,215.0,215.0,1,219.0,0.022967100143432617
101,0.05,524,0.051367512988922656,481,209.0,209.0,1,215.0,0.03191494941711426
101,0.05,517,0.05068130575433781,461,205.0,205.0,1,205.0,0.019984006881713867
101,0.05,518,0.050779335359278505,474,205.0,205.0,1,205.0,0.021939516067504883
101,0.09,939,0.09204979903930988,479,207.0,207.0,1,211.0,0.06183314323425293
101,0.09,856,0.08391334182923244,498,211.0,211.0,1,215.0,0.03389763832092285
101,0.09,932,0.09136359180472503,530,221.0,219.0,1,231.0,0.07484579086303711
101,0.09,914,0.08959905891579258,469,209.0,209.0,1,213.0,0.04288172721862793
101,0.09,892,0.08744240760709734,502,209.0,207.0,1,209.0,0.05556988716125488
101,0.09,946,0.09273600627389472,505,,,0,,0.519773006439209
101,0.09,938,0.09195176943436918,519,219.0,217.0,1,223.0,0.0530548095703125
101,0.09,899,0.08812861484168219,483,217.0,217.0,1,223.0,0.04487943649291992
101,0.09,901,0.08832467405156358,521,223.0,223.0,1,235.0,0.04989814758300781
101,0.09,914,0.08959905891579258,515,225.0,211.0,1,243.0,0.060889244079589844
101,0.09,906,0.08881482207626704,484,217.0,217.0,1,223.0,0.03586888313293457
101,0.09,926,0.09077541417508088,497,217.0,217.0,1,221.0,0.041857004165649414
101,0.09,893,0.08754043721203804,462,211.0,211.0,1,213.0,0.055034637451171875
101,0.09,880,0.08626605234780904,487,217.0,217.0,1,227.0,0.06482863426208496
101,0.09,926,0.09077541417508088,526,227.0,225.0,1,233.0,0.06482338905334473
101,0.09,924,0.09057935496519949,499,217.0,217.0,1,221.0,0.04687786102294922
101,0.09,927,0.09087344378002157,494,211.0,209.0,1,211.0,0.061835289001464844
101,0.09,911,0.0893049701009705,510,215.0,215.0,1,225.0,0.046872615814208984
101,0.09,923,0.0904813253602588,482,211.0,211.0,1,213.0,0.052918195724487305
101,0.09,918,0.08999117733555534,470,227.0,225.0,1,235.0,0.0413358211517334
101,0.09,960,0.0941084207430644,503,213.0,213.0,1,217.0,0.03989124298095703
101,0.09,899,0.08812861484168219,547,229.0,229.0,1,239.0,0.07044053077697754
101,0.09,921,0.09028526615037741,527,225.0,221.0,1,237.0,0.06754684448242188
101,0.09,901,0.08832467405156358,529,219.0,219.0,1,227.0,0.06389808654785156
101,0.09,900,0.08822664444662288,519,219.0,217.0,1,229.0,0.057883501052856445
101,0.09,878,0.08606999313792765,487,219.0,217.0,1,221.0,0.03294730186462402
101,0.09,862,0.08450151945887659,493,213.0,213.0,1,217.0,0.03792905807495117
101,0.09,903,0.08852073326144495,513,221.0,221.0,1,225.0,0.062077999114990234
101,0.09,904,0.08861876286638565,543,227.0,227.0,1,237.0,0.0459136962890625
101,0.09,921,0.09028526615037741,489,213.0,213.0,1,215.0,0.05876421928405762
101,0.09,933,0.09146162140966572,523,217.0,217.0,1,225.0,0.06688213348388672
101,0.09,893,0.08754043721203804,517,217.0,217.0,1,221.0,0.041887760162353516
101,0.09,919,0.09008920694049603,476,213.0,209.0,1,213.0,0.04986429214477539
101,0.09,917,0.08989314773061464,524,225.0,225.0,1,237.0,0.03992962837219238
101,0.09,893,0.08754043721203804,478,215.0,215.0,1,225.0,0.03693532943725586
101,0.09,933,0.09146162140966572,519,221.0,217.0,1,225.0,0.056514739990234375
101,0.09,949,0.09303009508871679,524,221.0,213.0,1,227.0,0.06788349151611328
101,0.09,923,0.0904813253602588,538,225.0,223.0,1,239.0,0.05991196632385254
101,0.09,928,0.09097147338496225,440,219.0,217.0,1,223.0,0.036897897720336914
101,0.09,863,0.08459954906381727,501,211.0,209.0,1,215.0,0.06290316581726074
101,0.09,956,0.09371630232330164,543,229.0,229.0,1,241.0,0.05089545249938965
101,0.09,938,0.09195176943436918,519,231.0,227.0,1,249.0,0.039931535720825195
101,0.09,915,0.08969708852073326,499,215.0,215.0,1,219.0,0.045908212661743164
101,0.09,906,0.08881482207626704,502,221.0,219.0,1,221.0,0.04587578773498535
101,0.09,916,0.08979511812567395,503,219.0,215.0,1,223.0,0.048867225646972656
101,0.09,946,0.09273600627389472,504,215.0,215.0,1,219.0,0.045911550521850586
101,0.09,907,0.08891285168120773,494,219.0,219.0,1,225.0,0.04191923141479492
101,0.09,935,0.0916576806195471,481,215.0,215.0,1,217.0,0.04175233840942383
101,0.09,857,0.08401137143417312,513,215.0,215.0,1,225.0,0.06299901008605957
101,0.09,975,0.09557886481717479,544,227.0,225.0,1,235.0,0.05987071990966797
101,0.09,887,0.08695225958239389,455,207.0,207.0,1,207.0,0.02593088150024414
101,0.09,926,0.09077541417508088,505,215.0,215.0,1,223.0,0.0449221134185791
101,0.09,933,0.09146162140966572,507,219.0,215.0,1,219.0,0.030842304229736328
101,0.09,891,0.08734437800215665,473,215.0,211.0,1,215.0,0.028814077377319336
101,0.09,863,0.08459954906381727,488,209.0,209.0,1,217.0,0.03194379806518555
101,0.09,899,0.08812861484168219,539,221.0,221.0,1,233.0,0.03834342956542969
101,0.09,895,0.08773649642191941,495,209.0,209.0,1,209.0,0.05186057090759277
101,0.09,912,0.08940299970591119,481,221.0,221.0,1,227.0,0.04288291931152344
101,0.09,874,0.08567787471816489,482,211.0,211.0,1,211.0,0.0359034538269043
101,0.09,971,0.09518674639741202,524,225.0,225.0,1,227.0,0.051512956619262695
101,0.09,939,0.09204979903930988,537,223.0,223.0,1,233.0,0.0599055290222168
101,0.09,940,0.09214782864425056,500,207.0,207.0,1,215.0,0.07748675346374512
101,0.09,880,0.08626605234780904,523,225.0,221.0,1,239.0,0.04790782928466797
101,0.09,943,0.09244191745907264,524,225.0,223.0,1,227.0,0.05491828918457031
101,0.09,885,0.0867562003725125,492,,,0,,0.553748607635498
101,0.09,928,0.09097147338496225,540,225.0,225.0,1,233.0,0.048712730407714844
101,0.09,857,0.08401137143417312,463,205.0,205.0,1,207.0,0.030951738357543945
101,0.09,941,0.09224585824919125,508,219.0,219.0,1,227.0,0.05934262275695801
101,0.09,916,0.08979511812567395,474,209.0,209.0,1,219.0,0.05462765693664551
101,0.09,854,0.08371728261935105,496,211.0,211.0,1,213.0,0.06485462188720703
101,0.09,887,0.08695225958239389,507,217.0,217.0,1,219.0,0.060596466064453125
101,0.09,923,0.0904813253602588,513,217.0,215.0,1,223.0,0.0640566349029541
101,0.09,951,0.09322615429859818,530,227.0,225.0,1,231.0,0.05454301834106445
101,0.09,920,0.09018723654543673,518,219.0,215.0,1,227.0,0.07129073143005371
101,0.09,890,0.08724634839721596,492,209.0,209.0,1,213.0,0.038865089416503906
101,0.09,907,0.08891285168120773,513,209.0,209.0,1,223.0,0.05288958549499512
101,0.09,909,0.0891089108910891,474,219.0,215.0,1,223.0,0.0439152717590332
101,0.09,910,0.0892069404960298,496,213.0,213.0,1,217.0,0.050902366638183594
101,0.09,918,0.08999117733555534,499,209.0,209.0,1,217.0,0.038893938064575195
101,0.09,989,0.09695127928634448,500,209.0,209.0,1,209.0,0.04288458824157715
101,0.09,889,0.08714831879227526,506,215.0,215.0,1,223.0,0.044937849044799805
101,0.09,897,0.0879325556318008,504,209.0,209.0,1,213.0,0.03897380828857422
101,0.09,909,0.0891089108910891,559,229.0,229.0,1,249.0,0.07153081893920898
101,0.09,904,0.08861876286638565,490,217.0,217.0,1,221.0,0.04087471961975098
101,0.09,961,0.0942064503480051,489,227.0,227.0,1,229.0,0.04690837860107422
101,0.09,905,0.08871679247132634,492,213.0,213.0,1,213.0,0.05285501480102539
101,0.09,935,0.0916576806195471,512,221.0,219.0,1,233.0,0.06489396095275879
101,0.09,943,0.09244191745907264,523,217.0,217.0,1,225.0,0.03992319107055664
101,0.09,910,0.0892069404960298,521,217.0,217.0,1,223.0,0.03394031524658203
101,0.09,929,0.09106950298990295,486,209.0,209.0,1,211.0,0.031948089599609375
101,0.09,939,0.09204979903930988,534,217.0,217.0,1,231.0,0.0448307991027832
101,0.09,907,0.08891285168120773,536,225.0,221.0,1,235.0,0.0488429069519043
101,0.09,927,0.09087344378002157,540,227.0,225.0,1,237.0,0.0628974437713623
101,0.09,901,0.08832467405156358,506,215.0,215.0,1,221.0,0.06854414939880371
101,0.09,906,0.08881482207626704,500,209.0,209.0,1,219.0,0.05491495132446289
101,0.09,917,0.08989314773061464,530,219.0,217.0,1,231.0,0.059098243713378906
101,0.09,872,0.0854818155082835,529,217.0,217.0,1,229.0,0.036899566650390625
101,0.09,912,0.08940299970591119,537,229.0,225.0,1,237.0,0.0619049072265625
101,0.09,897,0.0879325556318008,507,215.0,215.0,1,217.0,0.04890012741088867
101,0.09,914,0.08959905891579258,524,,,0,,0.5135595798492432
101,0.13,1329,0.1302813449661798,577,231.0,231.0,1,259.0,0.07756495475769043
101,0.13,1337,0.13106558180570532,568,231.0,231.0,1,243.0,0.06855154037475586
101,0.13,1315,0.1289089304970101,552,229.0,229.0,1,241.0,0.09606003761291504
101,0.13,1345,0.13184981864523085,543,231.0,229.0,1,241.0,0.0707101821899414
101,0.13,1274,0.12488971669444172,545,217.0,217.0,1,237.0,0.05790996551513672
101,0.13,1353,0.1326340554847564,560,231.0,231.0,1,257.0,0.050820350646972656
101,0.13,1280,0.12547789432408588,551,237.0,227.0,1,247.0,0.05689525604248047
101,0.13,1341,0.1314577002254681,545,225.0,225.0,1,253.0,0.0598759651184082
101,0.13,1307,0.12812469365748455,533,227.0,231.0,1,247.0,0.05891013145446777
101,0.13,1376,0.13488873639839233,521,227.0,225.0,1,233.0,0.07599592208862305
101,0.13,1304,0.12783060484266248,551,,,0,,0.5058085918426514
101,0.13,1236,0.12116459170669543,520,219.0,219.0,1,227.0,0.054920196533203125
101,0.13,1338,0.131163611410646,510,221.0,211.0,1,229.0,0.07353544235229492
101,0.13,1311,0.12851681207724733,555,231.0,229.0,1,257.0,0.054921865463256836
101,0.13,1330,0.13037937457112048,532,227.0,227.0,1,237.0,0.05492258071899414
101,0.13,1272,0.12469365748456034,524,227.0,227.0,1,235.0,0.05492353439331055
101,0.13,1342,0.13155572983040878,615,257.0,243.0,1,279.0,0.0705416202545166
101,0.13,1320,0.12939907852171356,512,215.0,215.0,1,221.0,0.05990290641784668
101,0.13,1291,0.1265562199784335,537,221.0,217.0,1,231.0,0.0891563892364502
101,0.13,1316,0.12900696010195079,559,,,0,,0.5132491588592529
101,0.13,1269,0.12439956866973827,558,235.0,233.0,1,243.0,0.07752656936645508
101,0.13,1301,0.1275365160278404,536,225.0,225.0,1,233.0,0.041922807693481445
101,0.13,1339,0.1312616410155867,522,223.0,221.0,1,227.0,0.09006834030151367
101,0.13,1321,0.12949710812665424,554,233.0,233.0,1,253.0,0.06285762786865234
101,0.13,1325,0.12988922654641702,535,225.0,221.0,1,235.0,0.08312225341796875
101,0.13,1339,0.1312616410155867,602,,,0,,0.6045401096343994
101,0.13,1383,0.13557494363297715,521,229.0,223.0,1,241.0,0.07349514961242676
101,0.13,1339,0.1312616410155867,644,261.0,257.0,1,301.0,0.07683968544006348
101,0.13,1253,0.12283109499068719,533,225.0,217.0,1,239.0,0.058890342712402344
101,0.13,1323,0.12969316733653563,483,227.0,227.0,1,253.0,0.03291058540344238
101,0.13,1307,0.12812469365748455,531,219.0,219.0,1,245.0,0.06204414367675781
101,0.13,1338,0.131163611410646,549,229.0,219.0,1,237.0,0.07053709030151367
101,0.13,1380,0.13528085481815508,525,217.0,215.0,1,229.0,0.05289578437805176
101,0.13,1292,0.12665424958337418,498,217.0,217.0,1,217.0,0.052893638610839844
101,0.13,1375,0.13479070679345162,529,221.0,221.0,1,229.0,0.08176350593566895
101,0.13,1278,0.1252818351142045,3,,,0,,0.014963626861572266
101,0.13,1350,0.13233996666993433,536,229.0,229.0,1,237.0,0.052024126052856445
101,0.13,1293,0.12675227918831486,501,207.0,205.0,1,211.0,0.06673502922058105
101,0.13,1387,0.13596706205273992,596,243.0,231.0,1,265.0,0.09328651428222656
101,0.13,1274,0.12488971669444172,544,229.0,227.0,1,241.0,0.06550312042236328
101,0.13,1324,0.12979119694147634,544,227.0,221.0,1,241.0,0.0640113353729248
101,0.13,1383,0.13557494363297715,569,233.0,233.0,1,257.0,0.06689143180847168
101,0.13,1307,0.12812469365748455,519,217.0,217.0,1,219.0,0.08481073379516602
101,0.13,1372,0.13449661797862955,512,229.0,225.0,1,235.0,0.05569267272949219
101,0.13,1301,0.1275365160278404,566,223.0,221.0,1,277.0,0.05894064903259277
101,0.13,1308,0.12822272326242526,557,241.0,223.0,1,247.0,0.09613561630249023
101,0.13,1323,0.12969316733653563,500,219.0,219.0,1,221.0,0.03194594383239746
101,0.13,1303,0.1277325752377218,537,227.0,215.0,1,235.0,0.07304573059082031
101,0.13,1251,0.1226350357808058,531,227.0,227.0,1,237.0,0.08947563171386719
101,0.13,1319,0.12930104891677285,556,243.0,219.0,1,263.0,0.08054256439208984
101,0.13,1337,0.13106558180570532,515,219.0,215.0,1,225.0,0.05584859848022461
101,0.13,1361,0.13341829232428193,514,219.0,217.0,1,227.0,0.08320832252502441
101,0.13,1329,0.1302813449661798,518,219.0,213.0,1,225.0,0.06664896011352539
101,0.13,1349,0.13224193706499363,519,217.0,217.0,1,227.0,0.07153534889221191
101,0.13,1322,0.12959513773159495,519,225.0,225.0,1,237.0,0.053926944732666016
101,0.13,1346,0.13194784825017156,509,223.0,219.0,1,231.0,0.07353091239929199
101,0.13,1275,0.12498774629938242,553,235.0,227.0,1,249.0,0.055909156799316406
101,0.13,1298,0.12724242721301834,566,225.0,229.0,1,251.0,0.07256793975830078
101,0.13,1333,0.13067346338594255,544,229.0,219.0,1,241.0,0.07771587371826172
101,0.13,1260,0.12351730222527203,538,229.0,225.0,1,247.0,0.05684638023376465
101,0.13,1278,0.1252818351142045,534,223.0,219.0,1,233.0,0.0705728530883789
101,0.13,1378,0.1350847956082737,580,235.0,235.0,1,247.0,0.06086277961730957
101,0.13,1313,0.12871287128712872,559,233.0,231.0,1,255.0,0.06291985511779785
101,0.13,1366,0.13390844034898539,3,,,0,,0.009972810745239258
101,0.13,1313,0.12871287128712872,531,,,0,,0.5190820693969727
101,0.13,1300,0.1274384864228997,529,225.0,225.0,1,235.0,0.05572319030761719
101,0.13,1279,0.1253798647191452,539,227.0,225.0,1,231.0,0.07851982116699219
101,0.13,1281,0.12557592392902656,588,235.0,229.0,1,281.0,0.08613348007202148
101,0.13,1286,0.12606607195373,554,243.0,239.0,1,257.0,0.06189370155334473
101,0.13,1371,0.13439858837368884,537,221.0,221.0,1,239.0,0.08216977119445801
101,0.13,1322,0.12959513773159495,516,217.0,217.0,1,225.0,0.06447672843933105
101,0.13,1235,0.12106656210175473,542,229.0,221.0,1,247.0,0.05190253257751465
101,0.13,1338,0.131163611410646,550,227.0,219.0,1,247.0,0.06954145431518555
101,0.13,1344,0.13175178904029017,556,241.0,237.0,1,255.0,0.06328272819519043
101,0.13,1270,0.12449759827467895,564,239.0,229.0,1,261.0,0.07645893096923828
101,0.13,1365,0.1338104107440447,512,215.0,213.0,1,217.0,0.0725405216217041
101,0.13,1362,0.13351632192922264,497,229.0,225.0,1,249.0,0.042884111404418945
101,0.13,1320,0.12939907852171356,535,223.0,223.0,1,229.0,0.08051538467407227
101,0.13,1337,0.13106558180570532,499,227.0,225.0,1,227.0,0.06083512306213379
101,0.13,1358,0.13312420350945986,553,225.0,223.0,1,247.0,0.06432271003723145
101,0.13,1282,0.12567395353396726,579,241.0,239.0,1,257.0,0.08619976043701172
101,0.13,1301,0.1275365160278404,533,229.0,215.0,1,243.0,0.07848620414733887
101,0.13,1359,0.13322223311440054,582,241.0,235.0,1,259.0,0.06279897689819336
101,0.13,1299,0.12734045681795902,583,243.0,237.0,1,269.0,0.07154560089111328
101,0.13,1320,0.12939907852171356,538,215.0,213.0,1,231.0,0.06282639503479004
101,0.13,1362,0.13351632192922264,530,223.0,221.0,1,229.0,0.0775594711303711
101,0.13,1374,0.13469267718851094,560,229.0,227.0,1,249.0,0.0795586109161377
101,0.13,1298,0.12724242721301834,508,217.0,215.0,1,229.0,0.057912349700927734
101,0.13,1387,0.13596706205273992,555,235.0,235.0,1,247.0,0.05887913703918457
101,0.13,1364,0.133712381139104,528,231.0,225.0,1,235.0,0.05389404296875
101,0.13,1377,0.134986766003333,540,231.0,225.0,1,237.0,0.06758594512939453
101,0.13,1321,0.12949710812665424,517,219.0,217.0,1,227.0,0.06954693794250488
101,0.13,1290,0.1264581903734928,511,233.0,223.0,1,243.0,0.060836076736450195
101,0.13,1366,0.13390844034898539,566,229.0,227.0,1,251.0,0.08978152275085449
101,0.13,1316,0.12900696010195079,523,223.0,217.0,1,231.0,0.08887481689453125
101,0.13,1332,0.13057543378100187,564,245.0,245.0,1,265.0,0.05491828918457031
101,0.13,1335,0.13086952259582393,527,223.0,221.0,1,235.0,0.0539243221282959
101,0.13,1360,0.13332026271934125,522,221.0,221.0,1,233.0,0.05392098426818848
101,0.13,1235,0.12106656210175473,541,229.0,225.0,1,241.0,0.054918766021728516
101,0.13,1282,0.12567395353396726,565,231.0,231.0,1,255.0,0.07163047790527344
101,0.17,1747,0.17125771983138907,544,223.0,223.0,1,241.0,0.09437274932861328
101,0.17,1716,0.16821880207822762,534,223.0,219.0,1,247.0,0.09414482116699219
101,0.17,1755,0.17204195667091463,3,,,0,,0.012997150421142578
101,0.17,1701,0.16674835800411725,574,,,0,,0.5882344245910645
101,0.17,1721,0.16870895010293108,567,239.0,233.0,1,265.0,0.07447600364685059
101,0.17,1788,0.17527693363395747,626,,,0,,0.6131868362426758
101,0.17,1704,0.16704244681893932,562,233.0,229.0,1,253.0,0.07954931259155273
101,0.17,1669,0.1636114106460151,661,257.0,255.0,1,321.0,0.08317279815673828
101,0.17,1781,0.17459072639937262,596,239.0,237.0,1,263.0,0.08719015121459961
101,0.17,1724,0.16900303891775317,570,241.0,227.0,1,257.0,0.0715334415435791
101,0.17,1708,0.1674345652387021,567,239.0,231.0,1,275.0,0.09812664985656738
101,0.17,1758,0.1723360454857367,557,229.0,217.0,1,261.0,0.1143491268157959
101,0.17,1684,0.1650818547201255,625,251.0,247.0,1,299.0,0.08812952041625977
101,0.17,1690,0.16567003234976962,576,237.0,227.0,1,255.0,0.10182356834411621
101,0.17,1759,0.17243407509067737,626,243.0,243.0,1,285.0,0.10674238204956055
101,0.17,1797,0.17615920007842367,600,245.0,229.0,1,273.0,0.12036466598510742
101,0.17,1727,0.16929712773257524,561,233.0,223.0,1,253.0,0.09215021133422852
101,0.17,1726,0.16919909812763453,558,225.0,223.0,1,253.0,0.0804450511932373
101,0.17,1669,0.1636114106460151,4,,,0,,0.009989738464355469
101,0.17,1700,0.16665032839917654,540,233.0,229.0,1,259.0,0.08461594581604004
101,0.17,1802,0.17664934810312716,615,247.0,237.0,1,285.0,0.09417152404785156
101,0.17,1673,0.16400352906577786,545,229.0,225.0,1,239.0,0.0765235424041748
101,0.17,1709,0.16753259484364277,547,223.0,221.0,1,241.0,0.07752060890197754
101,0.17,1726,0.16919909812763453,623,249.0,245.0,1,287.0,0.11061358451843262
101,0.17,1716,0.16821880207822762,540,235.0,221.0,1,249.0,0.09217572212219238
101,0.17,1725,0.16910106852269385,531,227.0,227.0,1,241.0,0.06657576560974121
101,0.17,1684,0.1650818547201255,579,243.0,225.0,1,259.0,0.09214520454406738
101,0.17,1778,0.17429663758455052,584,241.0,229.0,1,253.0,0.062181711196899414
101,0.17,1734,0.1699833349671601,592,233.0,217.0,1,265.0,0.11902284622192383
101,0.17,1680,0.1646897363003627,620,249.0,241.0,1,285.0,0.08250570297241211
101,0.17,1665,0.16321929222625234,557,223.0,223.0,1,259.0,0.11076807975769043
101,0.17,1762,0.17272816390549947,3,,,0,,0.009944915771484375
101,0.17,1801,0.17655131849818645,623,253.0,251.0,1,297.0,0.08649611473083496
101,0.17,1764,0.17292422311538083,590,241.0,217.0,1,263.0,0.08079671859741211
101,0.17,1751,0.17164983825115185,567,231.0,229.0,1,261.0,0.08214259147644043
101,0.17,1702,0.16684638760905793,520,221.0,221.0,1,223.0,0.07257914543151855
101,0.17,1695,0.16616018037447308,585,237.0,233.0,1,267.0,0.08055281639099121
101,0.17,1734,0.1699833349671601,578,235.0,223.0,1,255.0,0.12140536308288574
101,0.17,1745,0.17106166062150768,546,237.0,231.0,1,255.0,0.07304620742797852
101,0.17,1735,0.17008136457210077,553,235.0,233.0,1,249.0,0.08223867416381836
101,0.17,1781,0.17459072639937262,582,243.0,241.0,1,271.0,0.0765538215637207
101,0.17,1806,0.1770414665228899,602,245.0,243.0,1,279.0,0.10873103141784668
101,0.17,1741,0.17066954220174493,6,,,0,,0.018949508666992188
101,0.17,1821,0.1785119105970003,577,233.0,227.0,1,261.0,0.08516860008239746
101,0.17,1714,0.16802274286834623,529,223.0,221.0,1,239.0,0.11429595947265625
101,0.17,1805,0.17694343691794923,592,237.0,231.0,1,273.0,0.10873126983642578
101,0.17,1719,0.1685128908930497,563,237.0,239.0,1,261.0,0.10274863243103027
101,0.17,1737,0.17027742378198216,561,229.0,229.0,1,269.0,0.08151006698608398
101,0.17,1788,0.17527693363395747,520,225.0,219.0,1,233.0,0.06470131874084473
101,0.17,1765,0.17302225272032154,511,219.0,219.0,1,229.0,0.08051228523254395
101,0.17,1788,0.17527693363395747,3,,,0,,0.008013725280761719
101,0.17,1708,0.1674345652387021,548,235.0,227.0,1,247.0,0.07883000373840332
101,0.17,1740,0.17057151259680423,564,239.0,233.0,1,261.0,0.07257223129272461
101,0.17,1692,0.165866091559651,562,235.0,235.0,1,247.0,0.06957602500915527
101,0.17,1745,0.17106166062150768,641,257.0,239.0,1,307.0,0.08699989318847656
101,0.17,1688,0.16547397313988824,536,215.0,215.0,1,243.0,0.06087374687194824
101,0.17,1760,0.17253210469561808,597,239.0,233.0,1,287.0,0.09515857696533203
101,0.17,1747,0.17125771983138907,568,233.0,231.0,1,261.0,0.07153797149658203
101,0.17,1705,0.16714047642388002,597,251.0,247.0,1,267.0,0.10377812385559082
101,0.17,1716,0.16821880207822762,556,225.0,219.0,1,251.0,0.06089973449707031
101,0.17,1743,0.17086560141162632,549,231.0,229.0,1,251.0,0.09884095191955566
101,0.17,1742,0.17076757180668561,554,227.0,225.0,1,255.0,0.09855079650878906
101,0.17,1663,0.16302323301637095,556,227.0,225.0,1,255.0,0.06190204620361328
101,0.17,1711,0.16772865405352416,547,237.0,227.0,1,245.0,0.06959414482116699
101,0.17,1769,0.17341437114008432,617,241.0,241.0,1,275.0,0.08035659790039062
101,0.17,1734,0.1699833349671601,628,245.0,241.0,1,315.0,0.11089897155761719
101,0.17,1760,0.17253210469561808,629,,,0,,0.5850350856781006
101,0.17,1753,0.17184589746103324,602,251.0,233.0,1,273.0,0.09853720664978027
101,0.17,1763,0.17282619351044015,603,241.0,239.0,1,267.0,0.10518503189086914
101,0.17,1751,0.17164983825115185,571,243.0,245.0,1,269.0,0.07981657981872559
101,0.17,1745,0.17106166062150768,561,235.0,229.0,1,253.0,0.09870696067810059
101,0.17,1717,0.16831683168316833,615,233.0,231.0,1,295.0,0.10175299644470215
101,0.17,1717,0.16831683168316833,568,233.0,229.0,1,259.0,0.08915925025939941
101,0.17,1762,0.17272816390549947,501,219.0,215.0,1,229.0,0.05592989921569824
101,0.17,1759,0.17243407509067737,559,233.0,231.0,1,253.0,0.08420634269714355
101,0.17,1686,0.16527791393000688,628,253.0,247.0,1,289.0,0.11537909507751465
101,0.17,1771,0.17361043034996568,635,235.0,237.0,1,307.0,0.08916044235229492
101,0.17,1742,0.17076757180668561,582,243.0,235.0,1,259.0,0.09943509101867676
101,0.17,1723,0.16890500931281247,610,243.0,229.0,1,283.0,0.09515523910522461
101,0.17,1694,0.1660621507695324,539,227.0,231.0,1,243.0,0.05990433692932129
101,0.17,1716,0.16821880207822762,598,247.0,235.0,1,265.0,0.11073160171508789
101,0.17,1775,0.17400254876972845,556,229.0,223.0,1,249.0,0.10914850234985352
101,0.17,1779,0.17439466718949123,559,233.0,229.0,1,243.0,0.06987857818603516
101,0.17,1719,0.1685128908930497,545,235.0,235.0,1,247.0,0.078521728515625
101,0.17,1671,0.16380746985589648,523,217.0,217.0,1,227.0,0.06597113609313965
101,0.17,1646,0.1613567297323792,550,227.0,221.0,1,241.0,0.0852041244506836
101,0.17,1735,0.17008136457210077,583,237.0,235.0,1,259.0,0.0912013053894043
101,0.17,1698,0.16645426918929518,567,237.0,229.0,1,259.0,0.09118056297302246
101,0.17,1707,0.16733653563376139,585,241.0,231.0,1,261.0,0.09513568878173828
101,0.17,1678,0.16449367709048132,516,223.0,213.0,1,233.0,0.05889320373535156
101,0.17,1778,0.17429663758455052,568,237.0,229.0,1,249.0,0.08816409111022949
101,0.17,1764,0.17292422311538083,565,235.0,233.0,1,257.0,0.06455230712890625
101,0.17,1686,0.16527791393000688,545,233.0,225.0,1,241.0,0.07279062271118164
101,0.17,1717,0.16831683168316833,623,245.0,243.0,1,295.0,0.07965278625488281
101,0.17,1711,0.16772865405352416,520,225.0,219.0,1,231.0,0.04935145378112793
101,0.17,1714,0.16802274286834623,601,245.0,225.0,1,275.0,0.09314250946044922
101,0.17,1728,0.16939515733751592,543,225.0,225.0,1,239.0,0.07748246192932129
101,0.17,1769,0.17341437114008432,578,239.0,235.0,1,263.0,0.09444570541381836
101,0.17,1718,0.168414861288109,543,229.0,229.0,1,253.0,0.07053446769714355
101,0.17,1677,0.16439564748554064,525,221.0,217.0,1,233.0,0.07852315902709961
101,0.21,2069,0.20282325262229192,688,267.0,251.0,1,323.0,0.15359282493591309
101,0.21,2111,0.206940496029801,596,251.0,241.0,1,299.0,0.09822869300842285
101,0.21,2110,0.20684246642486032,564,231.0,221.0,1,263.0,0.18035316467285156
101,0.21,2039,0.19988236447407118,608,235.0,231.0,1,281.0,0.10979294776916504
101,0.21,2184,0.21409665719047152,575,243.0,229.0,1,267.0,0.10160303115844727
101,0.21,2100,0.20586217037545337,576,231.0,231.0,1,275.0,0.09516739845275879
101,0.21,2044,0.20037251249877464,588,223.0,223.0,1,269.0,0.11940646171569824
101,0.21,2114,0.20723458484462307,611,251.0,247.0,1,287.0,0.09114646911621094
101,0.21,2115,0.20733261444956377,615,243.0,229.0,1,301.0,0.11761856079101562
101,0.21,2138,0.2095872953631997,635,,,0,,0.632788896560669
101,0.21,2136,0.2093912361533183,585,237.0,235.0,1,275.0,0.1194312572479248
101,0.21,2200,0.2156651308695226,581,243.0,241.0,1,261.0,0.09784436225891113
101,0.21,2211,0.2167434565238702,636,255.0,247.0,1,303.0,0.13326597213745117
101,0.21,2166,0.21233212430153905,19,,,0,,0.025928497314453125
101,0.21,2108,0.20664640721497893,606,251.0,247.0,1,275.0,0.07556891441345215
101,0.21,2160,0.21174394667189492,627,,,0,,0.661874532699585
101,0.21,2159,0.2116459170669542,656,255.0,233.0,1,311.0,0.10181117057800293
101,0.21,2102,0.20605822958533476,579,231.0,217.0,1,257.0,0.14578604698181152
101,0.21,2121,0.2079207920792079,674,,,0,,0.6556379795074463
101,0.21,2127,0.20850896970885208,612,235.0,233.0,1,285.0,0.1257762908935547
101,0.21,2153,0.21105773943731007,608,245.0,245.0,1,283.0,0.10880279541015625
101,0.21,2164,0.2121360650916577,507,221.0,223.0,1,233.0,0.08317351341247559
101,0.21,2152,0.21095970983236936,632,247.0,237.0,1,291.0,0.1300032138824463
101,0.21,2227,0.21831193020292128,587,227.0,227.0,1,273.0,0.14860844612121582
101,0.21,2133,0.20909714733849621,3,,,0,,0.01396322250366211
101,0.21,2178,0.21350847956082736,628,247.0,247.0,1,293.0,0.12840676307678223
101,0.21,2126,0.20841094010391137,602,241.0,239.0,1,285.0,0.1223902702331543
101,0.21,2185,0.2141946867954122,734,,,0,,0.6483392715454102
101,0.21,2101,0.20596019998039408,616,,,0,,0.6081819534301758
101,0.21,2171,0.2128222723262425,3,,,0,,0.012963294982910156
101,0.21,2111,0.206940496029801,594,239.0,237.0,1,283.0,0.14698362350463867
101,0.21,2181,0.21380256837564945,630,251.0,249.0,1,287.0,0.08413195610046387
101,0.21,2131,0.20890108812861485,624,239.0,237.0,1,295.0,0.11440753936767578
101,0.21,2144,0.21017547299284384,646,,,0,,0.625359296798706
101,0.21,2181,0.21380256837564945,613,237.0,241.0,1,289.0,0.11345529556274414
101,0.21,2183,0.21399862758553084,669,255.0,251.0,1,325.0,0.10975885391235352
101,0.21,2148,0.21056759141260661,660,255.0,243.0,1,319.0,0.10513424873352051
101,0.21,2054,0.20135280854818155,582,231.0,229.0,1,273.0,0.10850739479064941
101,0.21,2093,0.20517596314086856,548,227.0,215.0,1,243.0,0.08417654037475586
101,0.21,2155,0.21125379864719146,673,263.0,247.0,1,313.0,0.1290130615234375
101,0.21,2087,0.2045877855112244,576,233.0,229.0,1,283.0,0.08915114402770996
101,0.21,2170,0.21272424272130183,651,251.0,251.0,1,313.0,0.13486695289611816
101,0.21,2064,0.20233310459758846,611,241.0,233.0,1,285.0,0.09432148933410645
101,0.21,2149,0.2106656210175473,648,251.0,243.0,1,315.0,0.09019041061401367
101,0.21,2171,0.2128222723262425,601,239.0,233.0,1,287.0,0.11014986038208008
101,0.21,2140,0.20978335457308106,613,243.0,239.0,1,299.0,0.1270904541015625
101,0.21,2164,0.2121360650916577,665,243.0,243.0,1,339.0,0.11839675903320312
101,0.21,2099,0.2057641407705127,581,233.0,233.0,1,273.0,0.07556486129760742
101,0.21,2232,0.21880207822762474,605,,,0,,0.6505279541015625
101,0.21,2187,0.2143907460052936,698,273.0,231.0,1,351.0,0.1550002098083496
101,0.21,2176,0.213312420350946,643,245.0,237.0,1,299.0,0.13997149467468262
101,0.21,2200,0.2156651308695226,642,249.0,235.0,1,311.0,0.08717656135559082
101,0.21,2101,0.20596019998039408,631,253.0,251.0,1,289.0,0.10453629493713379
101,0.21,2138,0.2095872953631997,602,241.0,225.0,1,279.0,0.12142610549926758
101,0.21,2232,0.21880207822762474,560,229.0,229.0,1,251.0,0.1087346076965332
101,0.21,2127,0.20850896970885208,566,223.0,223.0,1,267.0,0.08517098426818848
101,0.21,2148,0.21056759141260661,568,233.0,231.0,1,259.0,0.12875676155090332
101,0.21,2107,0.20654837761003822,11,,,0,,0.0189821720123291
101,0.21,2090,0.20488187432604646,588,245.0,227.0,1,267.0,0.10180807113647461
101,0.21,2143,0.21007744338790316,600,245.0,229.0,1,279.0,0.17789411544799805
101,0.21,2168,0.21252818351142044,672,267.0,243.0,1,315.0,0.13413166999816895
101,0.21,2131,0.20890108812861485,565,235.0,217.0,1,259.0,0.09018826484680176
101,0.21,2173,0.2130183315361239,698,279.0,275.0,1,333.0,0.13121533393859863
101,0.21,2189,0.21458680521517498,580,233.0,229.0,1,259.0,0.10453963279724121
101,0.21,2103,0.20615625919027547,6,,,0,,0.011961221694946289
101,0.21,2121,0.2079207920792079,615,247.0,229.0,1,303.0,0.14396262168884277
101,0.21,2209,0.21654739731398884,599,233.0,229.0,1,285.0,0.11174321174621582
101,0.21,2108,0.20664640721497893,599,,,0,,0.5760128498077393
101,0.21,2153,0.21105773943731007,571,231.0,231.0,1,253.0,0.08519482612609863
101,0.21,2174,0.2131163611410646,548,227.0,227.0,1,261.0,0.09777069091796875
101,0.21,2101,0.20596019998039408,666,261.0,261.0,1,309.0,0.10675454139709473
101,0.21,2109,0.2067444368199196,544,225.0,223.0,1,243.0,0.1058039665222168
101,0.21,2186,0.2142927164003529,633,243.0,217.0,1,309.0,0.1649479866027832
101,0.21,2181,0.21380256837564945,623,,,0,,0.6250245571136475
101,0.21,2148,0.21056759141260661,600,245.0,237.0,1,267.0,0.0997920036315918
101,0.21,2126,0.20841094010391137,632,247.0,235.0,1,297.0,0.0948340892791748
101,0.21,2138,0.2095872953631997,594,257.0,239.0,1,271.0,0.09395956993103027
101,0.21,2149,0.2106656210175473,584,249.0,229.0,1,263.0,0.1253812313079834
101,0.21,2092,0.20507793353592785,550,229.0,227.0,1,249.0,0.10825753211975098
101,0.21,2160,0.21174394667189492,597,229.0,227.0,1,281.0,0.09782671928405762
101,0.21,2125,0.2083129104989707,595,249.0,223.0,1,283.0,0.11974072456359863
101,0.21,2198,0.21546907165964121,607,243.0,225.0,1,291.0,0.10976457595825195
101,0.21,2132,0.20899911773355553,649,249.0,253.0,1,297.0,0.09418559074401855
101,0.21,2176,0.213312420350946,616,237.0,227.0,1,307.0,0.13097286224365234
101,0.21,2186,0.2142927164003529,567,,,0,,0.5922384262084961
101,0.21,2203,0.21595921968434467,670,267.0,243.0,1,317.0,0.12339329719543457
101,0.21,2167,0.21243015390647976,636,253.0,243.0,1,281.0,0.111785888671875
101,0.21,2153,0.21105773943731007,536,221.0,221.0,1,239.0,0.11611628532409668
101,0.21,2076,0.20350945985687677,582,225.0,231.0,1,263.0,0.11009621620178223
101,0.21,2134,0.20919517694343692,733,263.0,237.0,1,363.0,0.11441826820373535
101,0.21,2083,0.2041956670914616,564,231.0,227.0,1,259.0,0.13304495811462402
101,0.21,2128,0.20860699931379276,605,247.0,223.0,1,289.0,0.11541318893432617
101,0.21,2126,0.20841094010391137,581,229.0,229.0,1,253.0,0.12638163566589355
101,0.21,2156,0.21135182825213214,631,257.0,241.0,1,297.0,0.11453485488891602
101,0.21,2131,0.20890108812861485,596,251.0,233.0,1,283.0,0.08417654037475586
101,0.21,2167,0.21243015390647976,580,237.0,227.0,1,267.0,0.10481476783752441
101,0.21,2157,0.21144985785707285,623,249.0,237.0,1,293.0,0.1077280044555664
101,0.21,2101,0.20596019998039408,600,247.0,241.0,1,287.0,0.08719992637634277
101,0.21,2184,0.21409665719047152,616,247.0,243.0,1,291.0,0.10876655578613281
101,0.21,2172,0.21292030193118322,596,239.0,233.0,1,275.0,0.10978150367736816
101,0.25,2638,0.2586020978335457,791,283.0,269.0,1,405.0,0.18219256401062012
101,0.25,2509,0.24595627879619644,697,275.0,267.0,1,331.0,0.13701629638671875
101,0.25,2547,0.24968140378394274,605,241.0,231.0,1,277.0,0.1473240852355957
101,0.25,2531,0.2481129301048917,645,247.0,245.0,1,295.0,0.1273820400238037
101,0.25,2587,0.2536025879815704,607,235.0,235.0,1,283.0,0.09217691421508789
101,0.25,2523,0.24732869326536613,637,259.0,241.0,1,297.0,0.11340928077697754
101,0.25,2550,0.24997549259876484,4,,,0,,0.012965679168701172
101,0.25,2536,0.24860307812959515,760,,,0,,0.6264035701751709
101,0.25,2460,0.24115282815410255,3,,,0,,0.007977485656738281
101,0.25,2536,0.24860307812959515,755,255.0,255.0,1,413.0,0.17258262634277344
101,0.25,2566,0.2515439662778159,4,,,0,,0.011947154998779297
101,0.25,2543,0.24928928536418,6,,,0,,0.013942956924438477
101,0.25,2544,0.24938731496912067,586,229.0,229.0,1,277.0,0.1333606243133545
101,0.25,2550,0.24997549259876484,614,249.0,237.0,1,307.0,0.0885002613067627
101,0.25,2632,0.25801392020390157,691,239.0,225.0,1,385.0,0.20449280738830566
101,0.25,2601,0.2549750024507401,739,279.0,275.0,1,357.0,0.14761900901794434
101,0.25,2605,0.2553671208705029,658,259.0,243.0,1,313.0,0.1516737937927246
101,0.25,2520,0.24703460445054407,710,259.0,259.0,1,369.0,0.1558074951171875
101,0.25,2587,0.2536025879815704,631,241.0,225.0,1,291.0,0.12903523445129395
101,0.25,2558,0.2507597294382904,670,243.0,245.0,1,341.0,0.1741924285888672
101,0.25,2489,0.2439956866973826,640,237.0,233.0,1,299.0,0.17673921585083008
101,0.25,2536,0.24860307812959515,719,237.0,237.0,1,363.0,0.1655731201171875
101,0.25,2591,0.2539947064013332,691,259.0,253.0,1,319.0,0.1370244026184082
101,0.25,2493,0.2443878051171454,718,,,1,,0.3597121238708496
101,0.25,2571,0.2520341143025194,707,261.0,251.0,1,363.0,0.15263986587524414
101,0.25,2557,0.2506616998333497,701,275.0,257.0,1,341.0,0.13898968696594238
101,0.25,2528,0.2478188412900696,3,,,0,,0.012002229690551758
101,0.25,2527,0.2477208116851289,687,267.0,265.0,1,323.0,0.1430368423461914
101,0.25,2582,0.253112439956867,655,257.0,251.0,1,295.0,0.11075687408447266
101,0.25,2558,0.2507597294382904,11,,,0,,0.022905826568603516
101,0.25,2476,0.2427213018331536,638,249.0,237.0,1,309.0,0.13942599296569824
101,0.25,2513,0.24634839721595922,628,251.0,245.0,1,291.0,0.1465764045715332
101,0.25,2586,0.2535045583766297,577,227.0,225.0,1,261.0,0.12946605682373047
101,0.25,2617,0.25654347612979117,747,259.0,253.0,1,369.0,0.19867777824401855
101,0.25,2544,0.24938731496912067,681,245.0,239.0,1,339.0,0.15932631492614746
101,0.25,2504,0.24546613077149299,594,,,0,,0.5738706588745117
101,0.25,2536,0.24860307812959515,651,247.0,247.0,1,313.0,0.16133713722229004
101,0.25,2615,0.2563474169199098,679,261.0,265.0,1,317.0,0.15737128257751465
101,0.25,2498,0.24487795314184885,672,255.0,255.0,1,331.0,0.1320667266845703
101,0.25,2559,0.25085775904323104,699,271.0,269.0,1,345.0,0.2592141628265381
101,0.25,2453,0.2404666209195177,634,,,0,,0.6254410743713379
101,0.25,2545,0.24948534457406138,749,,,0,,0.6447954177856445
101,0.25,2514,0.2464464268208999,637,239.0,241.0,1,311.0,0.11145639419555664
101,0.25,2607,0.25556318008038426,656,243.0,235.0,1,345.0,0.15958857536315918
101,0.25,2522,0.24723066366042545,622,,,0,,0.6456332206726074
101,0.25,2584,0.25330849916674836,738,273.0,251.0,1,375.0,0.15163946151733398
101,0.25,2520,0.24703460445054407,664,251.0,253.0,1,321.0,0.1554276943206787
101,0.25,2575,0.25242623272228215,608,243.0,247.0,1,275.0,0.08615660667419434
101,0.25,2555,0.25046564062346827,3,,,0,,0.009009361267089844
101,0.25,2514,0.2464464268208999,3,,,0,,0.008975505828857422
101,0.25,2519,0.24693657484560338,8,,,0,,0.014961481094360352
101,0.25,2573,0.25223017351240073,711,,,0,,0.6505084037780762
101,0.25,2553,0.2502695814135869,681,259.0,253.0,1,343.0,0.14000487327575684
101,0.25,2504,0.24546613077149299,691,,,0,,0.6443545818328857
101,0.25,2487,0.24379962748750122,686,259.0,249.0,1,337.0,0.14676332473754883
101,0.25,2566,0.2515439662778159,3,,,0,,0.01396632194519043
101,0.25,2594,0.2542887952161553,756,275.0,281.0,1,357.0,0.20413684844970703
101,0.25,2584,0.25330849916674836,3,,,0,,0.013959646224975586
101,0.25,2584,0.25330849916674836,654,253.0,243.0,1,309.0,0.1343240737915039
101,0.25,2550,0.24997549259876484,741,281.0,257.0,1,371.0,0.16327190399169922
101,0.25,2443,0.23948632487011076,720,267.0,251.0,1,345.0,0.14064478874206543
101,0.25,2628,0.2576218017841388,699,261.0,237.0,1,337.0,0.1214132308959961
101,0.25,2571,0.2520341143025194,798,297.0,261.0,1,405.0,0.23383736610412598
101,0.25,2575,0.25242623272228215,646,257.0,257.0,1,307.0,0.10281777381896973
101,0.25,2537,0.24870110773453583,6,,,0,,0.010934829711914062
101,0.25,2520,0.24703460445054407,641,249.0,241.0,1,297.0,0.12640023231506348
101,0.25,2569,0.25183805509263796,650,249.0,237.0,1,311.0,0.13619709014892578
101,0.25,2559,0.25085775904323104,9,,,0,,0.01595306396484375
101,0.25,2433,0.23850602882070385,695,,,0,,0.6704115867614746
101,0.25,2514,0.2464464268208999,624,249.0,241.0,1,303.0,0.1410071849822998
101,0.25,2542,0.24919125575923928,732,,,0,,0.6936304569244385
101,0.25,2592,0.2540927360062739,639,,,0,,0.6957478523254395
101,0.25,2543,0.24928928536418,632,245.0,231.0,1,291.0,0.1308300495147705
101,0.25,2542,0.24919125575923928,552,217.0,217.0,1,253.0,0.10381031036376953
101,0.25,2505,0.2455641603764337,650,253.0,233.0,1,317.0,0.1380476951599121
101,0.25,2534,0.24840701891971376,641,247.0,227.0,1,307.0,0.09496712684631348
101,0.25,2605,0.2553671208705029,610,229.0,229.0,1,293.0,0.12339448928833008
101,0.25,2556,0.250563670228409,737,259.0,261.0,1,375.0,0.13361668586730957
101,0.25,2521,0.24713263405548475,593,233.0,231.0,1,277.0,0.14235544204711914
101,0.25,2621,0.25693559454955395,664,,,0,,0.6029918193817139
101,0.25,2553,0.2502695814135869,653,,,0,,0.6232149600982666
101,0.25,2434,0.23860405842564456,4,,,0,,0.013993263244628906
101,0.25,2554,0.2503676110185276,729,261.0,241.0,1,365.0,0.13692569732666016
101,0.25,2520,0.24703460445054407,605,241.0,227.0,1,273.0,0.11176085472106934
101,0.25,2496,0.24468189393196746,633,233.0,233.0,1,309.0,0.14863300323486328
101,0.25,2592,0.2540927360062739,652,243.0,241.0,1,311.0,0.14910387992858887
101,0.25,2558,0.2507597294382904,706,269.0,259.0,1,355.0,0.17228126525878906
101,0.25,2460,0.24115282815410255,682,,,0,,0.6870899200439453
101,0.25,2537,0.24870110773453583,661,267.0,265.0,1,311.0,0.1250457763671875
101,0.25,2572,0.25213214390746,606,233.0,225.0,1,273.0,0.13900542259216309
101,0.25,2534,0.24840701891971376,625,243.0,241.0,1,295.0,0.11644506454467773
101,0.25,2489,0.2439956866973826,659,261.0,249.0,1,293.0,0.14628362655639648
101,0.25,2511,0.24615233800607783,585,225.0,225.0,1,267.0,0.10372209548950195
101,0.25,2466,0.2417410057837467,669,263.0,239.0,1,313.0,0.1486492156982422
101,0.25,2581,0.2530144103519263,596,239.0,215.0,1,275.0,0.11541485786437988
101,0.25,2586,0.2535045583766297,779,275.0,283.0,1,405.0,0.21246647834777832
101,0.25,2545,0.24948534457406138,601,,,0,,0.6583261489868164
101,0.25,2566,0.2515439662778159,708,273.0,255.0,1,341.0,0.13827729225158691
101,0.25,2483,0.24340750906773845,19,,,0,,0.03191542625427246
101,0.25,2613,0.25615135771002845,633,235.0,231.0,1,291.0,0.15366482734680176
