Dimension,Probability,No_of_blocks,Density,Total_Cells_Discovered,Manhattan_outcome,Manhattan_Trajectory_length,Manhattan_Actual_length,Time_taken
101,0.01,102,0.009999019703950594,432,1,201.0,201.0,0.21935200691223145
101,0.01,112,0.010979315753357513,244,1,201.0,201.0,0.15657711029052734
101,0.01,99,0.009704930889128516,325,1,201.0,201.0,0.15662145614624023
101,0.01,115,0.011273404568179591,1237,1,201.0,201.0,0.21442461013793945
101,0.01,101,0.009900990099009901,10,1,201.0,201.0,0.18350601196289062
101,0.01,96,0.00941084207430644,1856,1,201.0,201.0,0.2622959613800049
101,0.01,101,0.009900990099009901,659,1,201.0,201.0,0.21047377586364746
101,0.01,91,0.00892069404960298,13,1,203.0,201.0,0.1306774616241455
101,0.01,95,0.009312812469365748,351,1,201.0,201.0,0.17552781105041504
101,0.01,103,0.010097049308891284,550,1,201.0,201.0,0.47871947288513184
101,0.01,108,0.010587197333594745,2226,1,201.0,201.0,0.5764851570129395
101,0.01,113,0.011077345358298206,1533,1,201.0,201.0,0.41385364532470703
101,0.01,109,0.010685226938535438,155,1,201.0,201.0,0.2603001594543457
101,0.01,107,0.010489167728654054,57,1,203.0,201.0,0.21139979362487793
101,0.01,99,0.009704930889128516,1237,1,201.0,201.0,0.1566171646118164
101,0.01,87,0.008528575629840211,290,1,201.0,201.0,0.25531697273254395
101,0.01,109,0.010685226938535438,2040,1,201.0,201.0,0.28122520446777344
101,0.01,104,0.010195078913831977,356,1,201.0,201.0,0.21542596817016602
101,0.01,105,0.01029310851877267,23,1,201.0,201.0,0.4228668212890625
101,0.01,103,0.010097049308891284,17,1,201.0,201.0,0.2663137912750244
101,0.01,90,0.008822664444662289,911,1,201.0,201.0,0.16153502464294434
101,0.01,116,0.011371434173120282,1302,1,201.0,201.0,0.27227020263671875
101,0.01,98,0.009606901284187825,18,1,201.0,201.0,0.1536240577697754
101,0.01,92,0.009018723654543672,39,1,201.0,201.0,0.37303662300109863
101,0.01,110,0.01078325654347613,1764,1,201.0,201.0,0.2513251304626465
101,0.01,91,0.00892069404960298,2491,1,201.0,201.0,0.22439837455749512
101,0.01,98,0.009606901284187825,2671,1,201.0,201.0,0.11070585250854492
101,0.01,96,0.00941084207430644,216,1,201.0,201.0,0.36206889152526855
101,0.01,106,0.010391138123713362,596,1,201.0,201.0,0.14058470726013184
101,0.01,100,0.009802960494069209,330,1,201.0,201.0,0.16252660751342773
101,0.01,107,0.010489167728654054,84,1,201.0,201.0,0.1895284652709961
101,0.01,107,0.010489167728654054,1505,1,201.0,201.0,0.3929409980773926
101,0.01,83,0.008136457210077443,2490,1,201.0,201.0,0.21944403648376465
101,0.01,103,0.010097049308891284,95,1,201.0,201.0,0.1596076488494873
101,0.01,102,0.009999019703950594,1149,1,201.0,201.0,0.20842742919921875
101,0.01,110,0.01078325654347613,1262,1,201.0,201.0,0.15860462188720703
101,0.01,119,0.01166552298794236,22,1,201.0,201.0,0.12868571281433105
101,0.01,105,0.01029310851877267,175,1,201.0,201.0,0.3052077293395996
101,0.01,100,0.009802960494069209,1581,1,201.0,201.0,0.4548203945159912
101,0.01,89,0.008724634839721596,21,1,203.0,201.0,0.11964035034179688
101,0.01,104,0.010195078913831977,2671,1,201.0,201.0,0.10766887664794922
101,0.01,108,0.010587197333594745,1345,1,201.0,201.0,0.15561413764953613
101,0.01,116,0.011371434173120282,1397,1,201.0,201.0,0.2822442054748535
101,0.01,90,0.008822664444662289,1772,1,201.0,201.0,0.18749570846557617
101,0.01,115,0.011273404568179591,2671,1,201.0,201.0,0.1266951560974121
101,0.01,101,0.009900990099009901,2671,1,201.0,201.0,0.10974812507629395
101,0.01,98,0.009606901284187825,209,1,201.0,201.0,0.15259146690368652
101,0.01,88,0.008626605234780904,32,1,201.0,201.0,0.11269402503967285
101,0.01,102,0.009999019703950594,423,1,201.0,201.0,0.13267874717712402
101,0.01,104,0.010195078913831977,187,1,201.0,201.0,0.1466054916381836
101,0.05,517,0.05068130575433781,314,1,205.0,201.0,0.6482713222503662
101,0.05,489,0.047936476815998434,6,1,205.0,201.0,0.34810352325439453
101,0.05,512,0.050191157729634346,8,1,205.0,201.0,0.850693941116333
101,0.05,490,0.04803450642093912,19,1,203.0,201.0,0.5405514240264893
101,0.05,509,0.04989706891481227,6,1,,,0.48170900344848633
101,0.05,493,0.0483285952357612,44,1,203.0,201.0,1.299555778503418
101,0.05,481,0.047152239976472894,72,1,201.0,201.0,0.5824375152587891
101,0.05,470,0.04607391432212528,60,1,201.0,201.0,0.35006093978881836
101,0.05,515,0.05048524654445643,51,1,207.0,201.0,0.676189661026001
101,0.05,509,0.04989706891481227,27,1,201.0,201.0,0.6661856174468994
101,0.05,508,0.04979903930987158,79,1,207.0,201.0,0.7141225337982178
101,0.05,548,0.05372022350749926,10,1,203.0,201.0,0.731041669845581
101,0.05,546,0.05352416429761788,6,1,205.0,201.0,0.9574692249298096
101,0.05,490,0.04803450642093912,15,1,201.0,201.0,0.7181117534637451
101,0.05,482,0.04725026958141359,12,1,203.0,201.0,0.6432750225067139
101,0.05,501,0.04911283207528674,11,1,205.0,201.0,1.207740068435669
101,0.05,499,0.048916772865405356,13,1,201.0,201.0,0.590425968170166
101,0.05,542,0.05313204587785511,38,1,201.0,201.0,0.7459673881530762
101,0.05,508,0.04979903930987158,22,1,203.0,201.0,0.4746999740600586
101,0.05,538,0.05273992745809234,12,1,203.0,201.0,0.47672486305236816
101,0.05,507,0.04970100970493089,825,1,201.0,201.0,0.5485291481018066
101,0.05,513,0.05028918733457504,222,1,201.0,201.0,0.4437747001647949
101,0.05,469,0.04597588471718459,174,1,201.0,201.0,0.5405852794647217
101,0.05,506,0.049602980099990195,130,1,201.0,201.0,0.48673152923583984
101,0.05,516,0.050583276149397116,18,1,201.0,201.0,0.7011220455169678
101,0.05,537,0.052641897853151653,185,1,201.0,201.0,0.6263222694396973
101,0.05,506,0.049602980099990195,160,1,,,0.6971356868743896
101,0.05,529,0.05185766101362611,15,1,203.0,201.0,0.6901199817657471
101,0.05,553,0.05421037153220273,233,1,203.0,201.0,0.3600351810455322
101,0.05,493,0.0483285952357612,41,1,203.0,201.0,0.6412842273712158
101,0.05,473,0.04636800313694736,49,1,205.0,201.0,1.0753028392791748
101,0.05,515,0.05048524654445643,8,1,201.0,201.0,0.7863197326660156
101,0.05,474,0.04646603274188805,463,1,201.0,201.0,0.3019099235534668
101,0.05,501,0.04911283207528674,59,1,,,0.7052590847015381
101,0.05,489,0.047936476815998434,8,1,203.0,201.0,0.85408616065979
101,0.05,487,0.047740417606117046,74,1,201.0,201.0,0.40021586418151855
101,0.05,502,0.04921086168022743,12,1,205.0,201.0,0.5467031002044678
101,0.05,495,0.048524654445642586,54,1,,,0.36173152923583984
101,0.05,479,0.04695618076659151,12,1,205.0,201.0,0.6766390800476074
101,0.05,521,0.05107342417410058,45,1,205.0,201.0,0.488431453704834
101,0.05,497,0.04872071365552397,26,1,203.0,201.0,0.4309654235839844
101,0.05,535,0.052445838643270265,20,1,203.0,201.0,0.716270923614502
101,0.05,500,0.04901480247034604,114,1,201.0,201.0,0.877518892288208
101,0.05,494,0.04842662484070189,74,1,201.0,201.0,0.8369002342224121
101,0.05,507,0.04970100970493089,14,1,203.0,201.0,0.4976010322570801
101,0.05,535,0.052445838643270265,671,1,203.0,201.0,0.6393575668334961
101,0.05,547,0.053622193902558575,1,0,,,0.2892580032348633
101,0.05,502,0.04921086168022743,16,1,201.0,201.0,0.6113636493682861
101,0.05,503,0.04930889128516812,10,1,203.0,201.0,0.6702077388763428
101,0.05,528,0.051759631408685426,15,1,201.0,201.0,0.5276272296905518
101,0.09,954,0.09352024311342025,37,1,211.0,201.0,1.07017183303833
101,0.09,972,0.09528477600235272,6,1,207.0,201.0,1.3924164772033691
101,0.09,909,0.0891089108910891,22,1,203.0,201.0,1.5974888801574707
101,0.09,859,0.0842074306440545,6,1,205.0,201.0,0.7446346282958984
101,0.09,883,0.08656014116263111,17,1,205.0,201.0,1.3628203868865967
101,0.09,974,0.09548083521223409,10,1,209.0,201.0,1.8262543678283691
101,0.09,969,0.09499068718753063,55,1,203.0,201.0,1.3400895595550537
101,0.09,876,0.08587393392804626,6,1,213.0,201.0,1.0848376750946045
101,0.09,898,0.0880305852367415,24,1,201.0,201.0,0.6403131484985352
101,0.09,922,0.0903832957553181,68,1,203.0,201.0,1.0823185443878174
101,0.09,875,0.08577590432310558,13,1,205.0,201.0,1.326869010925293
101,0.09,978,0.09587295363199687,42,1,207.0,201.0,2.0607409477233887
101,0.09,954,0.09352024311342025,28,1,211.0,201.0,1.9249904155731201
101,0.09,882,0.08646211155769042,81,1,201.0,201.0,0.7461299896240234
101,0.09,917,0.08989314773061464,72,1,207.0,201.0,0.9015748500823975
101,0.09,862,0.08450151945887659,17,1,203.0,201.0,0.8098132610321045
101,0.09,933,0.09146162140966572,21,1,201.0,201.0,1.1148936748504639
101,0.09,861,0.08440348985393589,30,1,213.0,201.0,1.276066780090332
101,0.09,952,0.09332418390353887,7,1,211.0,201.0,1.4845283031463623
101,0.09,912,0.08940299970591119,32,1,215.0,201.0,0.8417618274688721
101,0.09,995,0.09753945691598863,52,1,207.0,201.0,0.9260566234588623
101,0.09,922,0.0903832957553181,23,1,209.0,201.0,1.6910195350646973
101,0.09,950,0.09312812469365749,65,1,201.0,201.0,1.2621376514434814
101,0.09,966,0.09469659837270855,7,1,211.0,201.0,1.5949602127075195
101,0.09,878,0.08606999313792765,11,1,221.0,201.0,0.49910783767700195
101,0.09,897,0.0879325556318008,28,1,215.0,201.0,1.3809409141540527
101,0.09,938,0.09195176943436918,6,1,211.0,201.0,1.3346061706542969
101,0.09,971,0.09518674639741202,74,1,207.0,201.0,1.0021896362304688
101,0.09,916,0.08979511812567395,19,1,203.0,201.0,0.9976592063903809
101,0.09,932,0.09136359180472503,21,1,203.0,201.0,0.7429327964782715
101,0.09,919,0.09008920694049603,56,1,203.0,201.0,1.2187037467956543
101,0.09,936,0.0917557102244878,18,1,201.0,201.0,1.3581886291503906
101,0.09,893,0.08754043721203804,8,1,205.0,201.0,1.0459296703338623
101,0.09,963,0.09440250955788648,3,1,207.0,201.0,0.7368288040161133
101,0.09,886,0.08685422997745319,32,1,203.0,201.0,1.5173678398132324
101,0.09,928,0.09097147338496225,52,1,201.0,201.0,1.3909451961517334
101,0.09,889,0.08714831879227526,21,1,207.0,201.0,1.502720594406128
101,0.09,951,0.09322615429859818,66,1,203.0,201.0,0.6118271350860596
101,0.09,952,0.09332418390353887,8,1,205.0,201.0,0.6964137554168701
101,0.09,912,0.08940299970591119,9,1,205.0,201.0,1.6179401874542236
101,0.09,931,0.09126556219978434,8,1,211.0,201.0,1.1150801181793213
101,0.09,929,0.09106950298990295,129,1,203.0,201.0,0.4993124008178711
101,0.09,883,0.08656014116263111,206,1,201.0,201.0,1.4546053409576416
101,0.09,937,0.09185373982942849,12,1,207.0,201.0,0.9524860382080078
101,0.09,893,0.08754043721203804,19,1,209.0,201.0,1.000324010848999
101,0.09,890,0.08724634839721596,6,1,205.0,201.0,0.6552023887634277
101,0.09,893,0.08754043721203804,6,1,205.0,201.0,1.1279802322387695
101,0.09,959,0.09401039113812372,33,1,211.0,201.0,1.2097561359405518
101,0.09,909,0.0891089108910891,20,1,209.0,201.0,1.4321672916412354
101,0.09,915,0.08969708852073326,155,0,,,2.3863637447357178
101,0.13,1321,0.12949710812665424,19,1,213.0,201.0,1.3703312873840332
101,0.13,1401,0.13733947652190961,5,1,227.0,201.0,1.6486270427703857
101,0.13,1280,0.12547789432408588,41,1,205.0,201.0,1.4182345867156982
101,0.13,1314,0.1288109008920694,49,1,207.0,201.0,1.4471473693847656
101,0.13,1310,0.12841878247230665,7,1,211.0,201.0,1.682497262954712
101,0.13,1375,0.13479070679345162,15,1,211.0,201.0,2.032482624053955
101,0.13,1341,0.1314577002254681,17,1,213.0,201.0,1.5197486877441406
101,0.13,1348,0.13214390746005295,54,1,213.0,201.0,1.7126247882843018
101,0.13,1326,0.1299872561513577,11,1,227.0,201.0,1.3848557472229004
101,0.13,1303,0.1277325752377218,72,1,205.0,201.0,1.5243513584136963
101,0.13,1332,0.13057543378100187,12,1,209.0,201.0,1.5810449123382568
101,0.13,1277,0.1251838055092638,17,1,217.0,201.0,1.4817049503326416
101,0.13,1322,0.12959513773159495,6,1,211.0,201.0,0.8543438911437988
101,0.13,1331,0.13047740417606116,11,1,209.0,201.0,1.3865742683410645
101,0.13,1340,0.1313596706205274,19,1,219.0,201.0,1.5612688064575195
101,0.13,1314,0.1288109008920694,6,1,211.0,201.0,2.044361114501953
101,0.13,1402,0.1374375061268503,23,1,219.0,201.0,0.896207332611084
101,0.13,1334,0.13077149299088325,16,1,223.0,201.0,2.3570730686187744
101,0.13,1288,0.1262621311636114,20,1,205.0,201.0,1.6274867057800293
101,0.13,1359,0.13322223311440054,38,1,217.0,201.0,1.2777581214904785
101,0.13,1313,0.12871287128712872,60,1,205.0,201.0,1.459369421005249
101,0.13,1290,0.1264581903734928,21,1,203.0,201.0,1.0167770385742188
101,0.13,1263,0.12381139104009412,8,1,205.0,201.0,1.037318229675293
101,0.13,1364,0.133712381139104,75,1,205.0,201.0,1.374460220336914
101,0.13,1292,0.12665424958337418,31,1,205.0,201.0,1.505281925201416
101,0.13,1333,0.13067346338594255,5,1,209.0,201.0,0.892869234085083
101,0.13,1393,0.1365552396823841,6,1,209.0,201.0,1.922145128250122
101,0.13,1341,0.1314577002254681,6,1,207.0,201.0,1.579552412033081
101,0.13,1405,0.1377315949416724,20,1,227.0,201.0,1.3656952381134033
101,0.13,1327,0.1300852857562984,7,1,209.0,201.0,1.1264207363128662
101,0.13,1287,0.12616410155867072,6,1,225.0,201.0,2.061032295227051
101,0.13,1312,0.128614841682188,5,1,211.0,201.0,1.2826037406921387
101,0.13,1387,0.13596706205273992,6,1,221.0,201.0,1.6405928134918213
101,0.13,1324,0.12979119694147634,8,1,215.0,201.0,2.199103832244873
101,0.13,1295,0.12694833839819625,6,1,211.0,201.0,1.8261408805847168
101,0.13,1331,0.13047740417606116,26,1,211.0,201.0,1.1040427684783936
101,0.13,1341,0.1314577002254681,6,1,211.0,201.0,1.371368169784546
101,0.13,1294,0.12685030879325557,8,1,211.0,201.0,0.9425139427185059
101,0.13,1323,0.12969316733653563,4,1,215.0,201.0,1.0332322120666504
101,0.13,1348,0.13214390746005295,10,1,213.0,201.0,1.5129520893096924
101,0.13,1322,0.12959513773159495,15,1,205.0,201.0,0.8816063404083252
101,0.13,1320,0.12939907852171356,8,1,215.0,201.0,1.4959614276885986
101,0.13,1274,0.12488971669444172,4,1,211.0,201.0,1.4441020488739014
101,0.13,1370,0.13430055876874816,16,1,215.0,201.0,1.323498249053955
101,0.13,1333,0.13067346338594255,10,1,207.0,201.0,1.3453993797302246
101,0.13,1248,0.12234094696598373,32,1,215.0,201.0,1.3832967281341553
101,0.13,1299,0.12734045681795902,24,1,227.0,201.0,1.7024965286254883
101,0.13,1340,0.1313596706205274,18,1,217.0,201.0,1.2156507968902588
101,0.13,1380,0.13528085481815508,17,1,213.0,201.0,1.3346178531646729
101,0.13,1380,0.13528085481815508,2,0,,,0.2955503463745117
101,0.17,1757,0.172238015880796,7,1,231.0,201.0,2.6545662879943848
101,0.17,1745,0.17106166062150768,4,1,229.0,201.0,2.2005202770233154
101,0.17,1789,0.17537496323889815,20,1,235.0,201.0,2.6237406730651855
101,0.17,1727,0.16929712773257524,13,1,217.0,201.0,3.342395067214966
101,0.17,1715,0.16812077247328694,24,1,209.0,201.0,1.4412119388580322
101,0.17,1742,0.17076757180668561,11,1,207.0,201.0,3.569075584411621
101,0.17,1761,0.17263013430055876,210,0,,,2.318842887878418
101,0.17,1724,0.16900303891775317,3,0,,,0.26769328117370605
101,0.17,1764,0.17292422311538083,12,1,209.0,201.0,1.3342316150665283
101,0.17,1728,0.16939515733751592,15,1,241.0,201.0,1.14540696144104
101,0.17,1746,0.1711596902264484,10,1,207.0,201.0,1.5109245777130127
101,0.17,1752,0.17174786785609253,6,1,231.0,201.0,2.3002219200134277
101,0.17,1729,0.16949318694245663,10,1,225.0,201.0,2.0909628868103027
101,0.17,1728,0.16939515733751592,34,1,239.0,201.0,2.271519184112549
101,0.17,1713,0.16792471326340555,138,0,,,2.470094919204712
101,0.17,1782,0.1746887560043133,1,0,,,0.29920029640197754
101,0.17,1804,0.17684540731300852,19,1,243.0,201.0,2.738105058670044
101,0.17,1738,0.17037545338692284,15,1,211.0,201.0,1.8989205360412598
101,0.17,1709,0.16753259484364277,12,1,213.0,201.0,1.5910122394561768
101,0.17,1784,0.1748848152141947,170,0,,,2.228691339492798
101,0.17,1678,0.16449367709048132,7,1,215.0,201.0,1.9797027111053467
101,0.17,1771,0.17361043034996568,26,1,255.0,201.0,1.6615221500396729
101,0.17,1724,0.16900303891775317,13,1,221.0,201.0,1.871718406677246
101,0.17,1749,0.17145377904127046,8,1,217.0,201.0,1.1065986156463623
101,0.17,1767,0.17321831193020293,11,1,229.0,201.0,2.8568289279937744
101,0.17,1738,0.17037545338692284,6,1,237.0,201.0,1.8959765434265137
101,0.17,1717,0.16831683168316833,1,0,,,0.3251340389251709
101,0.17,1752,0.17174786785609253,4,1,217.0,201.0,1.7095921039581299
101,0.17,1728,0.16939515733751592,6,1,219.0,201.0,1.2626309394836426
101,0.17,1700,0.16665032839917654,12,1,231.0,201.0,2.961554527282715
101,0.17,1769,0.17341437114008432,12,1,213.0,201.0,2.0255775451660156
101,0.17,1701,0.16674835800411725,5,1,261.0,201.0,1.7987022399902344
101,0.17,1717,0.16831683168316833,8,1,223.0,201.0,2.225013494491577
101,0.17,1732,0.1697872757572787,39,1,217.0,201.0,1.125990629196167
101,0.17,1737,0.17027742378198216,18,1,231.0,201.0,1.890120029449463
101,0.17,1764,0.17292422311538083,4,1,255.0,201.0,3.2054123878479004
101,0.17,1764,0.17292422311538083,18,1,233.0,201.0,1.783198356628418
101,0.17,1716,0.16821880207822762,13,1,219.0,201.0,1.7463674545288086
101,0.17,1749,0.17145377904127046,198,0,,,1.7523279190063477
101,0.17,1744,0.170963631016567,10,1,247.0,201.0,2.678865432739258
101,0.17,1787,0.17517890402901676,6,1,223.0,201.0,1.8054702281951904
101,0.17,1694,0.1660621507695324,15,1,213.0,201.0,1.975970983505249
101,0.17,1751,0.17164983825115185,3,1,213.0,201.0,1.045203685760498
101,0.17,1677,0.16439564748554064,24,1,225.0,201.0,1.0472373962402344
101,0.17,1724,0.16900303891775317,8,1,247.0,201.0,2.344696521759033
101,0.17,1694,0.1660621507695324,7,1,219.0,201.0,2.1273112297058105
101,0.17,1734,0.1699833349671601,22,1,229.0,201.0,1.6097030639648438
101,0.17,1787,0.17517890402901676,6,1,227.0,201.0,1.4261856079101562
101,0.17,1611,0.15792569355945496,11,1,213.0,201.0,1.9188692569732666
101,0.17,1766,0.17312028232526222,10,1,223.0,201.0,2.2599222660064697
101,0.21,2174,0.2131163611410646,1,0,,,0.21741819381713867
101,0.21,2105,0.20635231840015686,33,1,261.0,201.0,1.98067307472229
101,0.21,2165,0.21223409469659837,7,1,237.0,201.0,1.8271124362945557
101,0.21,2183,0.21399862758553084,8,1,247.0,201.0,2.5591907501220703
101,0.21,2150,0.210763650622488,7,1,241.0,201.0,3.8466787338256836
101,0.21,2087,0.2045877855112244,7,1,239.0,201.0,1.9568145275115967
101,0.21,2169,0.21262621311636115,8,1,247.0,203.0,1.4291434288024902
101,0.21,2186,0.2142927164003529,17,1,227.0,201.0,3.210411548614502
101,0.21,2060,0.20194098617782572,9,1,239.0,201.0,2.13130784034729
101,0.21,2143,0.21007744338790316,6,1,247.0,201.0,2.4574265480041504
101,0.21,2132,0.20899911773355553,137,0,,,3.319575309753418
101,0.21,2031,0.19909812763454562,15,1,265.0,201.0,2.6070616245269775
101,0.21,2161,0.2118419762768356,10,1,235.0,201.0,2.5212600231170654
101,0.21,2130,0.20880305852367415,7,1,259.0,201.0,2.4544904232025146
101,0.21,2192,0.21488089402999705,5,1,243.0,201.0,3.346050500869751
101,0.21,2190,0.2146848348201157,24,1,239.0,201.0,3.0877084732055664
101,0.21,2148,0.21056759141260661,18,1,273.0,201.0,2.7895750999450684
101,0.21,2152,0.21095970983236936,6,1,223.0,201.0,1.4740586280822754
101,0.21,2111,0.206940496029801,12,1,237.0,201.0,1.386157512664795
101,0.21,2162,0.2119400058817763,25,1,249.0,201.0,2.1442582607269287
101,0.21,2283,0.22380158807960004,19,1,239.0,201.0,2.526510000228882
101,0.21,2107,0.20654837761003822,7,1,249.0,201.0,3.2504093647003174
101,0.21,2148,0.21056759141260661,19,1,233.0,201.0,2.471803903579712
101,0.21,2151,0.21086168022742868,19,1,239.0,201.0,2.256655216217041
101,0.21,2144,0.21017547299284384,10,1,265.0,203.0,2.9140772819519043
101,0.21,2152,0.21095970983236936,18,1,249.0,201.0,2.307826280593872
101,0.21,2060,0.20194098617782572,5,1,225.0,201.0,2.6252667903900146
101,0.21,2166,0.21233212430153905,8,1,239.0,201.0,1.9667742252349854
101,0.21,2245,0.22007646309185375,9,1,231.0,201.0,2.4294698238372803
101,0.21,2204,0.21605724928928535,7,1,217.0,201.0,2.425797939300537
101,0.21,2154,0.21115576904225075,11,1,229.0,201.0,1.404212474822998
101,0.21,2191,0.21478286442505637,31,1,243.0,201.0,2.3766772747039795
101,0.21,2149,0.2106656210175473,213,0,,,2.6833906173706055
101,0.21,2167,0.21243015390647976,22,1,259.0,201.0,1.7303352355957031
101,0.21,2078,0.20370551906675816,5,1,239.0,201.0,2.343951463699341
101,0.21,2158,0.21154788746201353,68,1,219.0,201.0,1.7522003650665283
101,0.21,2147,0.2104695618076659,13,1,235.0,201.0,2.7463371753692627
101,0.21,2133,0.20909714733849621,33,1,217.0,201.0,2.115339517593384
101,0.21,2162,0.2119400058817763,30,1,237.0,201.0,3.305123805999756
101,0.21,2139,0.20968532496814038,6,1,263.0,201.0,2.779533624649048
101,0.21,2145,0.21027350259778452,10,1,243.0,201.0,3.1605119705200195
101,0.21,2143,0.21007744338790316,7,1,261.0,201.0,1.8470263481140137
101,0.21,2131,0.20890108812861485,12,1,223.0,201.0,2.5302345752716064
101,0.21,2182,0.21390059798059013,18,1,213.0,201.0,2.3626461029052734
101,0.21,2136,0.2093912361533183,8,1,249.0,201.0,2.829434871673584
101,0.21,2150,0.210763650622488,10,1,245.0,201.0,2.3446946144104004
101,0.21,2186,0.2142927164003529,13,1,237.0,201.0,2.0205934047698975
101,0.21,2147,0.2104695618076659,10,1,225.0,201.0,2.370626211166382
101,0.21,2118,0.20762670326438584,8,1,231.0,201.0,1.868044137954712
101,0.21,2181,0.21380256837564945,14,1,275.0,201.0,2.2230491638183594
101,0.25,2457,0.24085873933928045,6,1,285.0,201.0,3.3231191635131836
101,0.25,2580,0.2529163807469856,12,1,235.0,201.0,2.0704286098480225
101,0.25,2545,0.24948534457406138,1,0,,,0.22739458084106445
101,0.25,2532,0.24821095970983237,202,0,,,2.9341909885406494
101,0.25,2492,0.24428977551220468,4,0,,,0.4478018283843994
101,0.25,2555,0.25046564062346827,7,1,261.0,201.0,2.9880075454711914
101,0.25,2512,0.24625036761101854,15,1,271.0,201.0,3.000976800918579
101,0.25,2549,0.24987746299382413,10,0,,,0.37702488899230957
101,0.25,2586,0.2535045583766297,13,1,273.0,201.0,4.0233681201934814
101,0.25,2626,0.25742574257425743,201,0,,,3.886680841445923
101,0.25,2534,0.24840701891971376,3,1,245.0,201.0,2.917447805404663
101,0.25,2478,0.242917361043035,7,1,229.0,201.0,1.307507038116455
101,0.25,2586,0.2535045583766297,6,1,339.0,201.0,3.1974475383758545
101,0.25,2542,0.24919125575923928,6,1,253.0,201.0,3.0079193115234375
101,0.25,2616,0.2564454465248505,12,1,239.0,201.0,3.6124606132507324
101,0.25,2585,0.25340652877168907,7,1,263.0,201.0,1.9705541133880615
101,0.25,2516,0.2466424860307813,7,1,261.0,201.0,2.2639431953430176
101,0.25,2541,0.2490932261542986,25,1,231.0,203.0,2.0245542526245117
101,0.25,2505,0.2455641603764337,10,1,209.0,201.0,3.1934571266174316
101,0.25,2507,0.24576021958631505,186,0,,,3.491997003555298
101,0.25,2613,0.25615135771002845,26,1,303.0,201.0,2.433525800704956
101,0.25,2494,0.24448583472208607,3,1,247.0,201.0,2.0625197887420654
101,0.25,2550,0.24997549259876484,2,0,,,0.2323780059814453
101,0.25,2558,0.2507597294382904,19,1,285.0,201.0,2.9391374588012695
101,0.25,2522,0.24723066366042545,3,1,221.0,201.0,3.249309778213501
101,0.25,2524,0.24742672287030684,10,1,267.0,201.0,3.063838481903076
101,0.25,2536,0.24860307812959515,4,0,,,0.45378947257995605
101,0.25,2421,0.23732967356141554,5,1,275.0,201.0,3.8865699768066406
101,0.25,2568,0.2517400254876973,6,1,329.0,205.0,5.605011224746704
101,0.25,2584,0.25330849916674836,4,1,239.0,201.0,2.052476644515991
101,0.25,2438,0.2389961768454073,5,1,225.0,201.0,2.428473711013794
101,0.25,2593,0.25419076561121456,153,0,,,4.2318785190582275
101,0.25,2537,0.24870110773453583,13,1,265.0,201.0,3.2764594554901123
101,0.25,2421,0.23732967356141554,6,1,243.0,201.0,1.803973913192749
101,0.25,2600,0.2548769728457994,8,1,279.0,201.0,3.1513781547546387
101,0.25,2614,0.2562493873149691,5,1,221.0,201.0,2.50999116897583
101,0.25,2578,0.2527203215371042,3,1,259.0,201.0,2.2878878116607666
101,0.25,2602,0.2550730320556808,17,1,267.0,201.0,2.429363965988159
101,0.25,2569,0.25183805509263796,13,1,265.0,201.0,2.8536767959594727
101,0.25,2583,0.25321046956180765,10,1,281.0,201.0,2.870166540145874
101,0.25,2587,0.2536025879815704,10,1,263.0,203.0,2.6356568336486816
101,0.25,2480,0.24311342025291638,25,1,247.0,201.0,2.5422041416168213
101,0.25,2542,0.24919125575923928,8,1,273.0,201.0,3.1206209659576416
101,0.25,2529,0.2479168708950103,4,1,263.0,201.0,3.078731060028076
101,0.25,2553,0.2502695814135869,24,1,263.0,201.0,2.8194923400878906
101,0.25,2584,0.25330849916674836,18,1,299.0,203.0,3.1425952911376953
101,0.25,2611,0.25595529850014703,2,0,,,0.23038578033447266
101,0.25,2620,0.2568375649446133,9,1,271.0,201.0,3.5216140747070312
101,0.25,2561,0.25105381825311246,23,1,279.0,201.0,3.213449716567993
101,0.25,2562,0.2511518478580531,11,1,301.0,201.0,2.5790696144104004
101,0.29,2945,0.2886971865503382,3,1,325.0,201.0,3.3500382900238037
101,0.29,3013,0.29536319968630526,289,0,,,4.944244384765625
101,0.29,3045,0.2985001470444074,206,0,,,5.622332572937012
101,0.29,2976,0.29173610430349967,16,1,295.0,201.0,2.640000343322754
101,0.29,2928,0.28703068326634645,1,0,,,0.2655644416809082
101,0.29,2943,0.2885011273404568,11,0,,,0.890416145324707
101,0.29,2985,0.2926183707479659,7,1,297.0,201.0,2.858703851699829
101,0.29,3063,0.3002646799333399,17,1,325.0,203.0,3.6856689453125
101,0.29,2968,0.2909518674639741,20,1,333.0,205.0,5.009854078292847
101,0.29,2930,0.2872267424762278,17,1,353.0,207.0,4.534289121627808
101,0.29,2857,0.2800705813155573,4,0,,,0.3740346431732178
101,0.29,2924,0.2866385648465837,15,1,325.0,203.0,5.5182716846466064
101,0.29,2934,0.2876188608959906,13,1,289.0,205.0,3.275238513946533
101,0.29,2971,0.2912459562787962,14,1,307.0,203.0,3.4317855834960938
101,0.29,2850,0.27938437408097244,5,1,275.0,201.0,2.812441349029541
101,0.29,2995,0.2935986667973728,9,0,,,0.4807429313659668
101,0.29,2914,0.28565826879717676,12,0,,,0.6632266044616699
101,0.29,2953,0.2894814233898637,215,0,,,3.8139874935150146
101,0.29,2905,0.2847760023527105,13,1,353.0,203.0,3.802826166152954
101,0.29,2939,0.2881090089206941,212,0,,,2.7029216289520264
101,0.29,2998,0.29389275561219486,189,0,,,3.128340005874634
101,0.29,2914,0.28565826879717676,1,0,,,0.25033092498779297
101,0.29,2938,0.28801097931575337,146,0,,,4.028512001037598
101,0.29,2975,0.29163807469855896,5,0,,,0.5694727897644043
101,0.29,2922,0.28644250563670226,7,1,307.0,201.0,3.595618724822998
101,0.29,2932,0.28742280168610923,7,1,341.0,201.0,3.884289503097534
101,0.29,3023,0.29634349573571217,5,0,,,0.6092703342437744
101,0.29,2969,0.2910498970689148,43,1,459.0,205.0,4.24899697303772
101,0.29,2995,0.2935986667973728,1,0,,,0.23431968688964844
101,0.29,3052,0.29918635427899226,31,1,353.0,213.0,3.5579135417938232
101,0.29,3014,0.29546122929124596,186,0,,,3.6180131435394287
101,0.29,2905,0.2847760023527105,211,0,,,3.9132561683654785
101,0.29,2943,0.2885011273404568,10,1,273.0,201.0,2.757657766342163
101,0.29,2973,0.2914420154886776,5,1,317.0,203.0,4.980602025985718
101,0.29,3009,0.2949710812665425,151,0,,,4.592245817184448
101,0.29,3012,0.29526517008136455,1,0,,,0.26555943489074707
101,0.29,3028,0.29683364376041566,1,0,,,0.27765989303588867
101,0.29,2968,0.2909518674639741,3,1,313.0,207.0,4.608292818069458
101,0.29,2879,0.28222723262425253,169,0,,,4.2140116691589355
101,0.29,2985,0.2926183707479659,20,1,299.0,203.0,3.5070407390594482
101,0.29,3037,0.29771591020488186,10,1,289.0,201.0,2.937177896499634
101,0.29,2992,0.2933045779825507,9,1,263.0,207.0,2.6108529567718506
101,0.29,3039,0.2979119694147633,208,0,,,4.617091178894043
101,0.29,2988,0.29291245956278794,9,1,293.0,201.0,3.218008518218994
101,0.29,2959,0.2900696010195079,8,1,415.0,201.0,4.276572227478027
101,0.29,2966,0.29075580825409275,27,0,,,0.9487876892089844
101,0.29,2948,0.2889912753651603,166,0,,,3.5501441955566406
101,0.29,2936,0.28781492010587195,9,1,351.0,201.0,4.36188817024231
101,0.29,3071,0.3010489167728654,23,1,301.0,203.0,4.834677219390869
101,0.29,2970,0.29114792667385553,215,0,,,5.1458580493927
101,0.33,3345,0.327909028526615,3,1,451.0,207.0,4.556809186935425
101,0.33,3373,0.3306538574649544,8,0,,,0.42586421966552734
101,0.33,3361,0.32947750220566613,98,0,,,2.610046625137329
101,0.33,3374,0.3307518870698951,26,0,,,1.1259913444519043
101,0.33,3371,0.33045779825507304,1,0,,,0.3331434726715088
101,0.33,3340,0.3274188805019116,6,0,,,0.5255908966064453
101,0.33,3373,0.3306538574649544,3,0,,,0.3041563034057617
101,0.33,3359,0.3292814429957847,388,0,,,6.624937534332275
101,0.33,3403,0.3335947456131752,1,0,,,0.23137426376342773
101,0.33,3421,0.3353592785021076,195,0,,,3.362128973007202
101,0.33,3467,0.33986864032937947,14,1,427.0,213.0,5.191864728927612
101,0.33,3310,0.3244779923536908,12,0,,,0.5936126708984375
101,0.33,3428,0.33604548573669246,279,0,,,3.622795581817627
101,0.33,3349,0.3283011469463778,3,0,,,0.26746392250061035
101,0.33,3420,0.33526124889716696,3,1,561.0,217.0,6.880584001541138
101,0.33,3402,0.3334967160082345,5,0,,,0.2879211902618408
101,0.33,3374,0.3307518870698951,3,0,,,0.24997997283935547
101,0.33,3429,0.33614351534163317,7,0,,,0.6248884201049805
101,0.33,3364,0.3297715910204882,1,0,,,0.26041364669799805
101,0.33,3372,0.33055582786001375,1,0,,,0.2655949592590332
101,0.33,3415,0.3347711008724635,358,0,,,5.326201438903809
101,0.33,3407,0.3339868640329379,15,0,,,0.6873750686645508
101,0.33,3299,0.3233996666993432,17,0,,,0.6717543601989746
101,0.33,3343,0.32771296931673366,247,0,,,4.878267288208008
101,0.33,3452,0.33839819625526907,3,1,413.0,215.0,3.879159450531006
101,0.33,3339,0.3273208508969709,1,0,,,0.2811915874481201
101,0.33,3417,0.3349671600823449,207,0,,,5.196123838424683
101,0.33,3380,0.33134006469953925,32,0,,,1.0791130065917969
101,0.33,3404,0.33369277521811586,11,1,319.0,211.0,3.804821491241455
101,0.33,3464,0.3395745515145574,2,0,,,0.3440513610839844
101,0.33,3377,0.3310459758847172,2,0,,,0.32410192489624023
101,0.33,3304,0.32388981472404665,15,1,363.0,209.0,5.470190763473511
101,0.33,3322,0.3256543476129791,6,0,,,0.51554274559021
101,0.33,3384,0.331732183119302,7,1,441.0,205.0,6.968960762023926
101,0.33,3346,0.32800705813155573,2,0,,,0.2343592643737793
101,0.33,3307,0.3241839035388687,185,0,,,3.4664530754089355
101,0.33,3421,0.3353592785021076,1,0,,,0.2655644416809082
101,0.33,3416,0.3348691304774042,2,0,,,0.24997901916503906
101,0.33,3290,0.32251740025487696,219,0,,,4.291160821914673
101,0.33,3327,0.3261444956376826,78,0,,,1.5802974700927734
101,0.33,3391,0.3324183903538869,143,0,,,5.901063919067383
101,0.33,3260,0.3195765121066562,17,1,311.0,205.0,4.648585557937622
101,0.33,3403,0.3335947456131752,1,0,,,0.23432064056396484
101,0.33,3350,0.3283991765513185,214,0,,,3.4523160457611084
101,0.33,3347,0.32810508773649644,5,1,447.0,213.0,4.325042963027954
101,0.33,3353,0.3286932653661406,15,1,339.0,225.0,4.962969541549683
101,0.33,3372,0.33055582786001375,3,0,,,0.2655644416809082
101,0.33,3294,0.32290951867463974,10,1,323.0,209.0,4.6577301025390625
101,0.33,3307,0.3241839035388687,1,0,,,0.23533916473388672
101,0.33,3357,0.32908538378590335,13,1,375.0,211.0,3.842723846435547
